ruc2anl_130_20070413_1800_000.grb2,97,148,1
ruc2anl_130_20070414_1800_000.grb2,91,153,0
ruc2anl_130_20070415_1800_000.grb2,93,160,1
ruc2anl_130_20070416_1800_000.grb2,99,152,1
ruc2anl_130_20070416_1800_000.grb2,86,161,1
ruc2anl_130_20070416_1800_000.grb2,77,165,1
ruc2anl_130_20070417_1800_000.grb2,118,146,0
ruc2anl_130_20070418_1800_000.grb2,126,178,0
ruc2anl_130_20070419_1800_000.grb2,92,159,0
ruc2anl_130_20070420_1800_000.grb2,105,142,0
ruc2anl_130_20070421_1800_000.grb2,98,165,1
ruc2anl_130_20070421_1800_000.grb2,92,166,1
ruc2anl_130_20070421_1800_000.grb2,99,153,1
ruc2anl_130_20070422_1800_000.grb2,136,174,0
ruc2anl_130_20070423_1800_000.grb2,83,146,0
ruc2anl_130_20070424_1800_000.grb2,100,162,1
ruc2anl_130_20070425_1800_000.grb2,133,115,0
ruc2anl_130_20070426_1800_000.grb2,132,141,0
ruc2anl_130_20070427_1800_000.grb2,81,164,0
ruc2anl_130_20070428_1800_000.grb2,90,142,0
ruc2anl_130_20070429_1800_000.grb2,98,142,0
ruc2anl_130_20070430_1800_000.grb2,121,201,0
ruc2anl_130_20070501_1800_000.grb2,110,150,0
ruc2anl_130_20070502_1800_000.grb2,110,141,0
ruc2anl_130_20070503_1800_000.grb2,105,127,0
ruc2anl_130_20070504_1800_000.grb2,125,125,0
ruc2anl_130_20070505_1800_000.grb2,96,156,1
ruc2anl_130_20070506_1800_000.grb2,102,124,0
ruc2anl_130_20070507_1800_000.grb2,115,135,0
ruc2anl_130_20070508_1800_000.grb2,84,175,0
ruc2anl_130_20070509_1800_000.grb2,92,169,0
ruc2anl_130_20070510_1800_000.grb2,125,145,0
ruc2anl_130_20070511_1800_000.grb2,110,166,0
ruc2anl_130_20070512_1800_000.grb2,82,163,0
ruc2anl_130_20070513_1800_000.grb2,88,180,0
ruc2anl_130_20070514_1800_000.grb2,115,130,0
ruc2anl_130_20070515_1800_000.grb2,86,149,0
ruc2anl_130_20070516_1800_000.grb2,86,136,0
ruc2anl_130_20070517_1800_000.grb2,123,150,0
ruc2anl_130_20070518_1800_000.grb2,110,170,0
ruc2anl_130_20070519_1800_000.grb2,106,159,0
ruc2anl_130_20070520_1800_000.grb2,118,146,0
ruc2anl_130_20070521_1800_000.grb2,113,166,0
ruc2anl_130_20070522_1800_000.grb2,103,171,0
ruc2anl_130_20070523_1800_000.grb2,114,138,0
ruc2anl_130_20070524_1800_000.grb2,104,134,0
ruc2anl_130_20070525_1800_000.grb2,92,148,0
ruc2anl_130_20070526_1800_000.grb2,101,127,0
ruc2anl_130_20070527_1800_000.grb2,109,151,0
ruc2anl_130_20070528_1800_000.grb2,135,183,0
ruc2anl_130_20070529_1800_000.grb2,121,174,0
ruc2anl_130_20070530_1800_000.grb2,108,137,0
ruc2anl_130_20070531_1800_000.grb2,117,157,0
ruc2anl_130_20070601_1800_000.grb2,77,175,0
ruc2anl_130_20070602_1800_000.grb2,93,173,0
ruc2anl_130_20070603_1800_000.grb2,93,160,0
ruc2anl_130_20070604_1800_000.grb2,127,161,0
ruc2anl_130_20070605_1800_000.grb2,107,156,0
ruc2anl_130_20070606_1800_000.grb2,132,145,1
ruc2anl_130_20070607_1800_000.grb2,114,161,0
ruc2anl_130_20070608_1800_000.grb2,126,161,0
ruc2anl_130_20070609_1800_000.grb2,72,192,0
ruc2anl_130_20070610_1800_000.grb2,116,140,0
ruc2anl_130_20070611_1800_000.grb2,126,158,0
ruc2anl_130_20070612_1800_000.grb2,129,178,0
ruc2anl_130_20070613_1800_000.grb2,120,165,0
ruc2anl_130_20070614_1800_000.grb2,89,160,0
ruc2anl_130_20070615_1800_000.grb2,133,144,0
ruc2anl_130_20070616_1800_000.grb2,77,130,0
ruc2anl_130_20070617_1800_000.grb2,96,147,0
ruc2anl_130_20070618_1800_000.grb2,115,155,0
ruc2anl_130_20070619_1800_000.grb2,108,151,0
ruc2anl_130_20070620_1800_000.grb2,99,159,0
ruc2anl_130_20070621_1800_000.grb2,83,172,0
ruc2anl_130_20070622_1800_000.grb2,131,158,0
ruc2anl_130_20070623_1800_000.grb2,115,166,0
ruc2anl_130_20070624_1800_000.grb2,127,164,0
ruc2anl_130_20070625_1800_000.grb2,142,184,0
ruc2anl_130_20070626_1800_000.grb2,95,161,0
ruc2anl_130_20070627_1800_000.grb2,174,177,0
ruc2anl_130_20070628_1800_000.grb2,118,173,0
ruc2anl_130_20070629_1800_000.grb2,133,136,0
ruc2anl_130_20070630_1800_000.grb2,135,149,0
ruc2anl_130_20070701_1800_000.grb2,98,172,0
ruc2anl_130_20070702_1800_000.grb2,71,153,0
ruc2anl_130_20070703_1800_000.grb2,131,153,0
ruc2anl_130_20070704_1800_000.grb2,87,137,0
ruc2anl_130_20070705_1800_000.grb2,112,158,0
ruc2anl_130_20070706_1800_000.grb2,97,152,0
ruc2anl_130_20070707_1800_000.grb2,131,169,0
ruc2anl_130_20070708_1800_000.grb2,117,182,0
ruc2anl_130_20070709_1800_000.grb2,141,159,0
ruc2anl_130_20070710_1800_000.grb2,113,151,0
ruc2anl_130_20070711_1800_000.grb2,98,153,0
ruc2anl_130_20070712_1800_000.grb2,100,129,0
ruc2anl_130_20070713_1800_000.grb2,64,154,0
ruc2anl_130_20070714_1800_000.grb2,119,163,0
ruc2anl_130_20070715_1800_000.grb2,132,134,0
ruc2anl_130_20070716_1800_000.grb2,77,176,0
ruc2anl_130_20070717_1800_000.grb2,129,143,0
ruc2anl_130_20070718_1800_000.grb2,122,147,0
ruc2anl_130_20070719_1800_000.grb2,71,136,0
ruc2anl_130_20070720_1800_000.grb2,130,174,0
ruc2anl_130_20070721_1800_000.grb2,83,157,0
ruc2anl_130_20070722_1800_000.grb2,110,149,0
ruc2anl_130_20070723_1800_000.grb2,91,162,0
ruc2anl_130_20070724_1800_000.grb2,97,163,0
ruc2anl_130_20070725_1800_000.grb2,108,166,0
ruc2anl_130_20070726_1800_000.grb2,124,150,0
ruc2anl_130_20070727_1800_000.grb2,51,150,0
ruc2anl_130_20070728_1800_000.grb2,90,155,0
ruc2anl_130_20070729_1800_000.grb2,123,179,0
ruc2anl_130_20070730_1800_000.grb2,89,177,0
ruc2anl_130_20070731_1800_000.grb2,104,168,0
ruc2anl_130_20070801_1800_000.grb2,134,164,0
ruc2anl_130_20070802_1800_000.grb2,109,155,0
ruc2anl_130_20070803_1800_000.grb2,85,159,0
ruc2anl_130_20070804_1800_000.grb2,99,168,0
ruc2anl_130_20070805_1800_000.grb2,121,167,0
ruc2anl_130_20070806_1800_000.grb2,120,132,0
ruc2anl_130_20070807_1800_000.grb2,129,174,0
ruc2anl_130_20070808_1800_000.grb2,93,162,0
ruc2anl_130_20070809_1800_000.grb2,114,160,0
ruc2anl_130_20070810_1800_000.grb2,124,167,0
ruc2anl_130_20070811_1800_000.grb2,109,172,0
ruc2anl_130_20070812_1800_000.grb2,85,154,0
ruc2anl_130_20070813_1800_000.grb2,126,152,0
ruc2anl_130_20070814_1800_000.grb2,105,153,0
ruc2anl_130_20070815_1800_000.grb2,86,154,0
ruc2anl_130_20070816_1800_000.grb2,103,141,0
ruc2anl_130_20070817_1800_000.grb2,99,173,0
ruc2anl_130_20070818_1800_000.grb2,90,200,0
ruc2anl_130_20070819_1800_000.grb2,131,170,0
ruc2anl_130_20070820_1800_000.grb2,91,126,0
ruc2anl_130_20070821_1800_000.grb2,137,143,0
ruc2anl_130_20070822_1800_000.grb2,98,177,0
ruc2anl_130_20070823_1800_000.grb2,113,155,0
ruc2anl_130_20070824_1800_000.grb2,130,166,0
ruc2anl_130_20070825_1800_000.grb2,95,180,0
ruc2anl_130_20070826_1800_000.grb2,99,158,0
ruc2anl_130_20070827_1800_000.grb2,97,164,0
ruc2anl_130_20070828_1800_000.grb2,104,141,0
ruc2anl_130_20070829_1800_000.grb2,102,129,0
ruc2anl_130_20070830_1800_000.grb2,104,192,0
ruc2anl_130_20070831_1800_000.grb2,120,156,0
ruc2anl_130_20070901_1800_000.grb2,70,170,0
ruc2anl_130_20070902_1800_000.grb2,103,146,0
ruc2anl_130_20070903_1800_000.grb2,107,163,0
ruc2anl_130_20070904_1800_000.grb2,103,169,0
ruc2anl_130_20070905_1800_000.grb2,118,142,0
ruc2anl_130_20070906_1800_000.grb2,87,166,0
ruc2anl_130_20070907_1800_000.grb2,112,167,0
ruc2anl_130_20070908_1800_000.grb2,76,170,0
ruc2anl_130_20070909_1800_000.grb2,82,161,0
ruc2anl_130_20070910_1800_000.grb2,140,141,0
ruc2anl_130_20070911_1800_000.grb2,139,169,0
ruc2anl_130_20070912_1800_000.grb2,148,159,0
ruc2anl_130_20070913_1800_000.grb2,131,169,0
ruc2anl_130_20070914_1800_000.grb2,113,186,0
ruc2anl_130_20070915_1800_000.grb2,119,156,0
ruc2anl_130_20070916_1800_000.grb2,68,143,0
ruc2anl_130_20070917_1800_000.grb2,118,150,0
ruc2anl_130_20070918_1800_000.grb2,112,168,0
ruc2anl_130_20070919_1800_000.grb2,117,168,0
ruc2anl_130_20070920_1800_000.grb2,107,136,0
ruc2anl_130_20070921_1800_000.grb2,114,166,0
ruc2anl_130_20070922_1800_000.grb2,73,159,0
ruc2anl_130_20070923_1800_000.grb2,103,165,0
ruc2anl_130_20070924_1800_000.grb2,113,141,0
ruc2anl_130_20070925_1800_000.grb2,101,145,0
ruc2anl_130_20070926_1800_000.grb2,100,127,0
ruc2anl_130_20070927_1800_000.grb2,115,193,0
ruc2anl_130_20070928_1800_000.grb2,102,127,0
ruc2anl_130_20070929_1800_000.grb2,142,140,0
ruc2anl_130_20070930_1800_000.grb2,106,132,0
ruc2anl_130_20071001_1800_000.grb2,108,163,0
ruc2anl_130_20071002_1800_000.grb2,127,148,0
ruc2anl_130_20071003_1800_000.grb2,91,141,0
ruc2anl_130_20071004_1800_000.grb2,100,150,0
ruc2anl_130_20071005_1800_000.grb2,119,155,0
ruc2anl_130_20071006_1800_000.grb2,125,167,0
ruc2anl_130_20071007_1800_000.grb2,107,178,0
ruc2anl_130_20071008_1800_000.grb2,117,154,0
ruc2anl_130_20071009_1800_000.grb2,102,155,0
ruc2anl_130_20071010_1800_000.grb2,121,165,0
ruc2anl_130_20071011_1800_000.grb2,128,152,0
ruc2anl_130_20071012_1800_000.grb2,135,140,0
ruc2anl_130_20071013_1800_000.grb2,96,163,0
ruc2anl_130_20071014_1800_000.grb2,104,194,0
ruc2anl_130_20071015_1800_000.grb2,77,155,0
ruc2anl_130_20071016_1800_000.grb2,117,164,0
ruc2anl_130_20071017_1800_000.grb2,149,131,1
ruc2anl_130_20071017_1800_000.grb2,118,169,1
ruc2anl_130_20071018_1800_000.grb2,104,152,0
ruc2anl_130_20071019_1800_000.grb2,109,160,0
ruc2anl_130_20071020_1800_000.grb2,120,169,0
ruc2anl_130_20071021_1800_000.grb2,102,160,0
ruc2anl_130_20071022_1800_000.grb2,126,161,0
ruc2anl_130_20071023_1800_000.grb2,91,164,0
ruc2anl_130_20071024_1800_000.grb2,95,153,0
ruc2anl_130_20071025_1800_000.grb2,111,166,0
ruc2anl_130_20071026_1800_000.grb2,72,149,0
ruc2anl_130_20071027_1800_000.grb2,111,178,0
ruc2anl_130_20071028_1800_000.grb2,129,160,0
ruc2anl_130_20071029_1800_000.grb2,94,150,0
ruc2anl_130_20071030_1800_000.grb2,107,167,0
ruc2anl_130_20071031_1800_000.grb2,108,157,0
ruc2anl_130_20071101_1800_000.grb2,77,148,0
ruc2anl_130_20071102_1800_000.grb2,169,147,0
ruc2anl_130_20071103_1800_000.grb2,117,135,0
ruc2anl_130_20071104_1800_000.grb2,116,157,0
ruc2anl_130_20071105_1800_000.grb2,111,170,0
ruc2anl_130_20071106_1800_000.grb2,115,166,0
ruc2anl_130_20071107_1800_000.grb2,141,150,0
ruc2anl_130_20071108_1800_000.grb2,97,153,0
ruc2anl_130_20071109_1800_000.grb2,131,130,0
ruc2anl_130_20071110_1800_000.grb2,102,156,0
ruc2anl_130_20071111_1800_000.grb2,94,169,0
ruc2anl_130_20071112_1800_000.grb2,133,150,0
ruc2anl_130_20071113_1800_000.grb2,68,130,0
ruc2anl_130_20071114_1800_000.grb2,98,146,0
ruc2anl_130_20071115_1800_000.grb2,91,144,0
ruc2anl_130_20071116_1800_000.grb2,102,178,0
ruc2anl_130_20071117_1800_000.grb2,100,125,0
ruc2anl_130_20071118_1800_000.grb2,103,169,0
ruc2anl_130_20071119_1800_000.grb2,116,144,0
ruc2anl_130_20071120_1800_000.grb2,87,133,0
ruc2anl_130_20071121_1800_000.grb2,120,157,0
ruc2anl_130_20071122_1800_000.grb2,97,137,0
ruc2anl_130_20071123_1800_000.grb2,134,152,0
ruc2anl_130_20071124_1800_000.grb2,103,158,0
ruc2anl_130_20071125_1800_000.grb2,115,179,0
ruc2anl_130_20071126_1800_000.grb2,125,167,0
ruc2anl_130_20071127_1800_000.grb2,144,142,0
ruc2anl_130_20071128_1800_000.grb2,112,205,0
ruc2anl_130_20071129_1800_000.grb2,93,147,0
ruc2anl_130_20071130_1800_000.grb2,101,135,0
ruc2anl_130_20071201_1800_000.grb2,108,167,0
ruc2anl_130_20071202_1800_000.grb2,98,155,0
ruc2anl_130_20071203_1800_000.grb2,93,159,0
ruc2anl_130_20071204_1800_000.grb2,76,164,0
ruc2anl_130_20071205_1800_000.grb2,96,165,0
ruc2anl_130_20071206_1800_000.grb2,94,133,0
ruc2anl_130_20071207_1800_000.grb2,132,147,0
ruc2anl_130_20071208_1800_000.grb2,95,170,0
ruc2anl_130_20071209_1800_000.grb2,47,144,0
ruc2anl_130_20071210_1800_000.grb2,84,150,0
ruc2anl_130_20071211_1800_000.grb2,89,177,0
ruc2anl_130_20071212_1800_000.grb2,121,156,0
ruc2anl_130_20071213_1800_000.grb2,107,147,0
ruc2anl_130_20071214_1800_000.grb2,112,143,0
ruc2anl_130_20071215_1800_000.grb2,93,135,0
ruc2anl_130_20071216_1800_000.grb2,148,163,0
ruc2anl_130_20071217_1800_000.grb2,123,146,0
ruc2anl_130_20071218_1800_000.grb2,81,154,0
ruc2anl_130_20071219_1800_000.grb2,172,177,0
ruc2anl_130_20071220_1800_000.grb2,142,171,0
ruc2anl_130_20071221_1800_000.grb2,149,140,1
ruc2anl_130_20071221_1800_000.grb2,147,136,1
ruc2anl_130_20071222_1800_000.grb2,76,152,0
ruc2anl_130_20071223_1800_000.grb2,118,184,0
ruc2anl_130_20071224_1800_000.grb2,127,153,0
ruc2anl_130_20071225_1800_000.grb2,97,163,1
ruc2anl_130_20071225_1800_000.grb2,94,165,1
ruc2anl_130_20071226_1800_000.grb2,104,148,0
ruc2anl_130_20071227_1800_000.grb2,85,170,1
ruc2anl_130_20071228_1800_000.grb2,127,167,0
ruc2anl_130_20071229_1800_000.grb2,115,186,0
ruc2anl_130_20071230_1800_000.grb2,135,151,0
ruc2anl_130_20071231_1800_000.grb2,110,188,0
ruc2anl_130_20080101_1800_000.grb2,109,146,0
ruc2anl_130_20080102_1800_000.grb2,74,170,0
ruc2anl_130_20080103_1800_000.grb2,128,205,0
ruc2anl_130_20080104_1800_000.grb2,120,163,0
ruc2anl_130_20080105_1800_000.grb2,131,192,0
ruc2anl_130_20080106_1800_000.grb2,95,162,1
ruc2anl_130_20080107_1800_000.grb2,99,153,1
ruc2anl_130_20080107_1800_000.grb2,96,159,1
ruc2anl_130_20080108_1800_000.grb2,117,139,0
ruc2anl_130_20080109_1800_000.grb2,70,147,0
ruc2anl_130_20080110_1800_000.grb2,109,170,0
ruc2anl_130_20080111_1800_000.grb2,101,186,0
ruc2anl_130_20080112_1800_000.grb2,125,159,0
ruc2anl_130_20080113_1800_000.grb2,62,150,0
ruc2anl_130_20080114_1800_000.grb2,99,185,0
ruc2anl_130_20080115_1800_000.grb2,115,169,0
ruc2anl_130_20080116_1800_000.grb2,132,162,0
ruc2anl_130_20080117_1800_000.grb2,95,150,0
ruc2anl_130_20080118_1800_000.grb2,128,160,0
ruc2anl_130_20080119_1800_000.grb2,114,150,0
ruc2anl_130_20080120_1800_000.grb2,105,148,0
ruc2anl_130_20080121_1800_000.grb2,124,149,0
ruc2anl_130_20080122_1800_000.grb2,115,173,0
ruc2anl_130_20080123_1800_000.grb2,125,169,0
ruc2anl_130_20080124_1800_000.grb2,96,162,0
ruc2anl_130_20080125_1800_000.grb2,104,184,0
ruc2anl_130_20080126_1800_000.grb2,111,162,0
ruc2anl_130_20080127_1800_000.grb2,135,124,0
ruc2anl_130_20080128_1800_000.grb2,104,108,0
ruc2anl_130_20080129_1800_000.grb2,124,137,0
ruc2anl_130_20080130_1800_000.grb2,123,147,0
ruc2anl_130_20080131_1800_000.grb2,92,168,0
ruc2anl_130_20080201_1800_000.grb2,108,173,0
ruc2anl_130_20080202_1800_000.grb2,112,120,0
ruc2anl_130_20080203_1800_000.grb2,138,149,0
ruc2anl_130_20080204_1800_000.grb2,77,154,0
ruc2anl_130_20080205_1800_000.grb2,95,147,0
ruc2anl_130_20080206_1800_000.grb2,121,152,0
ruc2anl_130_20080207_1800_000.grb2,109,125,0
ruc2anl_130_20080208_1800_000.grb2,108,115,0
ruc2anl_130_20080209_1800_000.grb2,109,173,0
ruc2anl_130_20080210_1800_000.grb2,95,165,0
ruc2anl_130_20080211_1800_000.grb2,92,184,0
ruc2anl_130_20080212_1800_000.grb2,124,157,0
ruc2anl_130_20080213_1800_000.grb2,70,169,0
ruc2anl_130_20080214_1800_000.grb2,129,169,0
ruc2anl_130_20080215_1800_000.grb2,102,120,0
ruc2anl_130_20080216_1800_000.grb2,81,168,0
ruc2anl_130_20080217_1800_000.grb2,134,133,0
ruc2anl_130_20080218_1800_000.grb2,91,171,0
ruc2anl_130_20080219_1800_000.grb2,131,169,0
ruc2anl_130_20080220_1800_000.grb2,86,138,0
ruc2anl_130_20080221_1800_000.grb2,126,171,0
ruc2anl_130_20080222_1800_000.grb2,110,161,0
ruc2anl_130_20080223_1800_000.grb2,108,189,1
ruc2anl_130_20080224_1800_000.grb2,98,147,0
ruc2anl_130_20080225_1800_000.grb2,107,189,1
ruc2anl_130_20080226_1800_000.grb2,114,159,0
ruc2anl_130_20080227_1800_000.grb2,111,139,0
ruc2anl_130_20080228_1800_000.grb2,99,150,0
ruc2anl_130_20080229_1800_000.grb2,94,157,0
ruc2anl_130_20080301_1800_000.grb2,111,157,0
ruc2anl_130_20080302_1800_000.grb2,99,149,1
ruc2anl_130_20080303_1800_000.grb2,99,167,0
ruc2anl_130_20080304_1800_000.grb2,114,162,0
ruc2anl_130_20080305_1800_000.grb2,87,156,1
ruc2anl_130_20080305_1800_000.grb2,82,168,1
ruc2anl_130_20080305_1800_000.grb2,80,167,1
ruc2anl_130_20080306_1800_000.grb2,69,132,0
ruc2anl_130_20080307_1800_000.grb2,89,153,0
ruc2anl_130_20080308_1800_000.grb2,96,170,0
ruc2anl_130_20080309_1800_000.grb2,114,143,0
ruc2anl_130_20080310_1800_000.grb2,102,172,0
ruc2anl_130_20080311_1800_000.grb2,110,144,0
ruc2anl_130_20080312_1800_000.grb2,115,146,0
ruc2anl_130_20080313_1800_000.grb2,134,171,1
ruc2anl_130_20080314_1800_000.grb2,99,149,1
ruc2anl_130_20080314_1800_000.grb2,114,164,1
ruc2anl_130_20080314_1800_000.grb2,83,168,1
ruc2anl_130_20080314_1800_000.grb2,114,195,1
ruc2anl_130_20080314_1800_000.grb2,106,198,1
ruc2anl_130_20080315_1800_000.grb2,100,161,0
ruc2anl_130_20080316_1800_000.grb2,78,161,1
ruc2anl_130_20080316_1800_000.grb2,87,154,1
ruc2anl_130_20080317_1800_000.grb2,119,146,0
ruc2anl_130_20080318_1800_000.grb2,102,166,0
ruc2anl_130_20080319_1800_000.grb2,133,167,0
ruc2anl_130_20080320_1800_000.grb2,124,140,0
ruc2anl_130_20080321_1800_000.grb2,96,145,0
ruc2anl_130_20080322_1800_000.grb2,112,189,0
ruc2anl_130_20080323_1800_000.grb2,135,143,0
ruc2anl_130_20080324_1800_000.grb2,62,143,0
ruc2anl_130_20080325_1800_000.grb2,122,156,0
ruc2anl_130_20080326_1800_000.grb2,114,124,0
ruc2anl_130_20080327_1800_000.grb2,125,141,0
ruc2anl_130_20080328_1800_000.grb2,102,175,0
ruc2anl_130_20080329_1800_000.grb2,97,148,0
ruc2anl_130_20080330_1800_000.grb2,104,171,0
ruc2anl_130_20080331_1800_000.grb2,128,137,0
ruc2anl_130_20080401_1800_000.grb2,89,159,0
ruc2anl_130_20080402_1800_000.grb2,113,165,0
ruc2anl_130_20080403_1800_000.grb2,117,161,0
ruc2anl_130_20080404_1800_000.grb2,112,124,0
ruc2anl_130_20080405_1800_000.grb2,138,163,0
ruc2anl_130_20080406_1800_000.grb2,101,158,0
ruc2anl_130_20080407_1800_000.grb2,125,145,0
ruc2anl_130_20080408_1800_000.grb2,108,152,0
ruc2anl_130_20080409_1800_000.grb2,99,152,1
ruc2anl_130_20080409_1800_000.grb2,99,151,1
ruc2anl_130_20080409_1800_000.grb2,93,161,1
ruc2anl_130_20080409_1800_000.grb2,85,163,1
ruc2anl_130_20080410_1800_000.grb2,109,158,1
ruc2anl_130_20080410_1800_000.grb2,95,162,1
ruc2anl_130_20080410_1800_000.grb2,126,178,1
ruc2anl_130_20080410_1800_000.grb2,113,192,1
ruc2anl_130_20080411_1800_000.grb2,95,161,0
ruc2anl_130_20080412_1800_000.grb2,103,161,0
ruc2anl_130_20080413_1800_000.grb2,117,144,0
ruc2anl_130_20080414_1800_000.grb2,135,173,0
ruc2anl_130_20080415_1800_000.grb2,143,137,1
ruc2anl_130_20080415_1800_000.grb2,140,147,1
ruc2anl_130_20080415_1800_000.grb2,139,151,1
ruc2anl_130_20080416_1800_000.grb2,100,150,1
ruc2anl_130_20080417_1800_000.grb2,93,127,0
ruc2anl_130_20080418_1800_000.grb2,94,157,0
ruc2anl_130_20080419_1800_000.grb2,122,158,0
ruc2anl_130_20080420_1800_000.grb2,102,161,1
ruc2anl_130_20080421_1800_000.grb2,116,189,0
ruc2anl_130_20080422_1800_000.grb2,100,171,0
ruc2anl_130_20080423_1800_000.grb2,102,165,1
ruc2anl_130_20080424_1800_000.grb2,109,191,1
ruc2anl_130_20080425_1800_000.grb2,134,153,0
ruc2anl_130_20080426_1800_000.grb2,109,163,0
ruc2anl_130_20080427_1800_000.grb2,111,149,0
ruc2anl_130_20080428_1800_000.grb2,130,159,0
ruc2anl_130_20080429_1800_000.grb2,109,195,0
ruc2anl_130_20080430_1800_000.grb2,99,158,1
ruc2anl_130_20080430_1800_000.grb2,137,154,1
ruc2anl_130_20080430_1800_000.grb2,143,132,1
ruc2anl_130_20080430_1800_000.grb2,134,135,1
ruc2anl_130_20080501_1800_000.grb2,99,151,1
ruc2anl_130_20080501_1800_000.grb2,108,159,1
ruc2anl_130_20080501_1800_000.grb2,112,159,1
ruc2anl_130_20080501_1800_000.grb2,91,185,1
ruc2anl_130_20080501_1800_000.grb2,116,196,1
ruc2anl_130_20080501_1800_000.grb2,114,190,1
ruc2anl_130_20080502_1800_000.grb2,126,140,0
ruc2anl_130_20080503_1800_000.grb2,86,164,0
ruc2anl_130_20080504_1800_000.grb2,104,146,0
ruc2anl_130_20080505_1800_000.grb2,119,173,0
ruc2anl_130_20080506_1800_000.grb2,99,149,1
ruc2anl_130_20080507_1800_000.grb2,114,201,0
ruc2anl_130_20080508_1800_000.grb2,106,141,0
ruc2anl_130_20080509_1800_000.grb2,132,153,0
ruc2anl_130_20080510_1800_000.grb2,97,146,0
ruc2anl_130_20080511_1800_000.grb2,107,163,0
ruc2anl_130_20080512_1800_000.grb2,99,148,1
ruc2anl_130_20080512_1800_000.grb2,114,165,1
ruc2anl_130_20080513_1800_000.grb2,99,150,1
ruc2anl_130_20080514_1800_000.grb2,101,193,0
ruc2anl_130_20080515_1800_000.grb2,88,152,0
ruc2anl_130_20080516_1800_000.grb2,162,178,0
ruc2anl_130_20080517_1800_000.grb2,118,166,0
ruc2anl_130_20080518_1800_000.grb2,106,162,0
ruc2anl_130_20080519_1800_000.grb2,105,169,0
ruc2anl_130_20080520_1800_000.grb2,114,154,0
ruc2anl_130_20080521_1800_000.grb2,110,140,1
ruc2anl_130_20080521_1800_000.grb2,99,152,1
ruc2anl_130_20080521_1800_000.grb2,109,156,1
ruc2anl_130_20080522_1800_000.grb2,81,179,1
ruc2anl_130_20080522_1800_000.grb2,101,156,1
ruc2anl_130_20080523_1800_000.grb2,100,155,1
ruc2anl_130_20080524_1800_000.grb2,107,155,0
ruc2anl_130_20080525_1800_000.grb2,145,154,0
ruc2anl_130_20080526_1800_000.grb2,108,166,0
ruc2anl_130_20080527_1800_000.grb2,79,158,0
ruc2anl_130_20080528_1800_000.grb2,98,146,0
ruc2anl_130_20080529_1800_000.grb2,111,182,0
ruc2anl_130_20080530_1800_000.grb2,131,185,0
ruc2anl_130_20080531_1800_000.grb2,121,138,0
ruc2anl_130_20080601_1800_000.grb2,91,161,0
ruc2anl_130_20080602_1800_000.grb2,117,159,0
ruc2anl_130_20080603_1800_000.grb2,98,178,0
ruc2anl_130_20080604_1800_000.grb2,99,146,1
ruc2anl_130_20080605_1800_000.grb2,107,155,1
ruc2anl_130_20080606_1800_000.grb2,132,142,0
ruc2anl_130_20080607_1800_000.grb2,135,169,0
ruc2anl_130_20080608_1800_000.grb2,112,126,0
ruc2anl_130_20080609_1800_000.grb2,83,152,0
ruc2anl_130_20080610_1800_000.grb2,125,145,0
ruc2anl_130_20080611_1800_000.grb2,108,190,0
ruc2anl_130_20080612_1800_000.grb2,99,156,0
ruc2anl_130_20080613_1800_000.grb2,136,160,0
ruc2anl_130_20080614_1800_000.grb2,119,186,0
ruc2anl_130_20080615_1800_000.grb2,113,133,0
ruc2anl_130_20080616_1800_000.grb2,123,175,0
ruc2anl_130_20080617_1800_000.grb2,106,178,0
ruc2anl_130_20080618_1800_000.grb2,124,146,0
ruc2anl_130_20080619_1800_000.grb2,112,178,0
ruc2anl_130_20080620_1800_000.grb2,113,170,0
ruc2anl_130_20080621_1800_000.grb2,103,159,0
ruc2anl_130_20080622_1800_000.grb2,125,177,0
ruc2anl_130_20080623_1800_000.grb2,75,161,0
ruc2anl_130_20080624_1800_000.grb2,117,167,0
ruc2anl_130_20080625_1800_000.grb2,83,172,0
ruc2anl_130_20080626_1800_000.grb2,101,147,0
ruc2anl_130_20080627_1800_000.grb2,112,184,0
ruc2anl_130_20080628_1800_000.grb2,111,163,0
ruc2anl_130_20080629_1800_000.grb2,79,169,0
ruc2anl_130_20080630_1800_000.grb2,84,145,0
ruc2anl_130_20080701_1800_000.grb2,73,157,0
ruc2anl_130_20080702_1800_000.grb2,105,114,0
ruc2anl_130_20080703_1800_000.grb2,105,170,0
ruc2anl_130_20080704_1800_000.grb2,140,133,0
ruc2anl_130_20080705_1800_000.grb2,113,184,0
ruc2anl_130_20080706_1800_000.grb2,91,168,0
ruc2anl_130_20080707_1800_000.grb2,124,138,0
ruc2anl_130_20080708_1800_000.grb2,89,129,0
ruc2anl_130_20080709_1800_000.grb2,115,131,0
ruc2anl_130_20080710_1800_000.grb2,111,170,0
ruc2anl_130_20080711_1800_000.grb2,118,143,0
ruc2anl_130_20080712_1800_000.grb2,96,179,0
ruc2anl_130_20080713_1800_000.grb2,122,160,0
ruc2anl_130_20080714_1800_000.grb2,143,153,0
ruc2anl_130_20080715_1800_000.grb2,117,166,0
ruc2anl_130_20080716_1800_000.grb2,113,192,0
ruc2anl_130_20080717_1800_000.grb2,84,119,0
ruc2anl_130_20080718_1800_000.grb2,112,147,0
ruc2anl_130_20080719_1800_000.grb2,116,169,0
ruc2anl_130_20080720_1800_000.grb2,82,186,0
ruc2anl_130_20080721_1800_000.grb2,106,173,0
ruc2anl_130_20080722_1800_000.grb2,126,167,0
ruc2anl_130_20080723_1800_000.grb2,106,161,0
ruc2anl_130_20080724_1800_000.grb2,121,166,0
ruc2anl_130_20080725_1800_000.grb2,88,177,0
ruc2anl_130_20080726_1800_000.grb2,106,148,0
ruc2anl_130_20080727_1800_000.grb2,78,144,0
ruc2anl_130_20080728_1800_000.grb2,116,146,0
ruc2anl_130_20080729_1800_000.grb2,141,175,0
ruc2anl_130_20080730_1800_000.grb2,97,161,0
ruc2anl_130_20080731_1800_000.grb2,79,147,0
ruc2anl_130_20080801_1800_000.grb2,114,156,0
ruc2anl_130_20080802_1800_000.grb2,103,121,0
ruc2anl_130_20080803_1800_000.grb2,98,174,0
ruc2anl_130_20080804_1800_000.grb2,101,159,0
ruc2anl_130_20080805_1800_000.grb2,100,145,0
ruc2anl_130_20080806_1800_000.grb2,107,164,0
ruc2anl_130_20080807_1800_000.grb2,95,156,0
ruc2anl_130_20080808_1800_000.grb2,83,168,0
ruc2anl_130_20080809_1800_000.grb2,105,149,0
ruc2anl_130_20080810_1800_000.grb2,100,123,0
ruc2anl_130_20080811_1800_000.grb2,144,178,0
ruc2anl_130_20080812_1800_000.grb2,104,171,0
ruc2anl_130_20080813_1800_000.grb2,107,176,0
ruc2anl_130_20080814_1800_000.grb2,111,138,0
ruc2anl_130_20080815_1800_000.grb2,89,153,0
ruc2anl_130_20080816_1800_000.grb2,105,153,0
ruc2anl_130_20080817_1800_000.grb2,107,155,0
ruc2anl_130_20080818_1800_000.grb2,114,160,0
ruc2anl_130_20080819_1800_000.grb2,120,155,0
ruc2anl_130_20080820_1800_000.grb2,136,180,0
ruc2anl_130_20080821_1800_000.grb2,114,142,0
ruc2anl_130_20080822_1800_000.grb2,82,189,0
ruc2anl_130_20080823_1800_000.grb2,95,159,0
ruc2anl_130_20080824_1800_000.grb2,99,163,0
ruc2anl_130_20080825_1800_000.grb2,100,160,0
ruc2anl_130_20080826_1800_000.grb2,90,156,0
ruc2anl_130_20080827_1800_000.grb2,114,110,0
ruc2anl_130_20080828_1800_000.grb2,90,172,0
ruc2anl_130_20080829_1800_000.grb2,69,135,0
ruc2anl_130_20080830_1800_000.grb2,138,155,0
ruc2anl_130_20080831_1800_000.grb2,139,149,0
ruc2anl_130_20080901_1800_000.grb2,114,162,0
ruc2anl_130_20080902_1800_000.grb2,107,168,0
ruc2anl_130_20080903_1800_000.grb2,95,198,0
ruc2anl_130_20080904_1800_000.grb2,116,152,0
ruc2anl_130_20080905_1800_000.grb2,77,144,0
ruc2anl_130_20080906_1800_000.grb2,102,174,0
ruc2anl_130_20080907_1800_000.grb2,137,156,0
ruc2anl_130_20080908_1800_000.grb2,89,143,0
ruc2anl_130_20080909_1800_000.grb2,100,164,0
ruc2anl_130_20080910_1800_000.grb2,110,143,0
ruc2anl_130_20080911_1800_000.grb2,116,175,0
ruc2anl_130_20080912_1800_000.grb2,114,167,0
ruc2anl_130_20080913_1800_000.grb2,112,175,0
ruc2anl_130_20080914_1800_000.grb2,132,144,0
ruc2anl_130_20080915_1800_000.grb2,117,169,0
ruc2anl_130_20080916_1800_000.grb2,139,132,0
ruc2anl_130_20080917_1800_000.grb2,138,159,0
ruc2anl_130_20080918_1800_000.grb2,115,144,0
ruc2anl_130_20080919_1800_000.grb2,106,162,0
ruc2anl_130_20080920_1800_000.grb2,107,184,0
ruc2anl_130_20080921_1800_000.grb2,117,162,0
ruc2anl_130_20080922_1800_000.grb2,97,173,0
ruc2anl_130_20080923_1800_000.grb2,128,162,0
ruc2anl_130_20080924_1800_000.grb2,101,157,0
ruc2anl_130_20080925_1800_000.grb2,104,189,0
ruc2anl_130_20080926_1800_000.grb2,135,158,0
ruc2anl_130_20080927_1800_000.grb2,104,164,0
ruc2anl_130_20080928_1800_000.grb2,94,154,0
ruc2anl_130_20080929_1800_000.grb2,117,146,0
ruc2anl_130_20080930_1800_000.grb2,112,159,0
ruc2anl_130_20081001_1800_000.grb2,167,157,0
ruc2anl_130_20081002_1800_000.grb2,98,132,0
ruc2anl_130_20081003_1800_000.grb2,89,163,0
ruc2anl_130_20081004_1800_000.grb2,106,176,0
ruc2anl_130_20081005_1800_000.grb2,120,154,0
ruc2anl_130_20081006_1800_000.grb2,106,163,0
ruc2anl_130_20081007_1800_000.grb2,116,181,0
ruc2anl_130_20081008_1800_000.grb2,87,154,0
ruc2anl_130_20081009_1800_000.grb2,104,160,0
ruc2anl_130_20081010_1800_000.grb2,100,162,0
ruc2anl_130_20081011_1800_000.grb2,146,137,0
ruc2anl_130_20081012_1800_000.grb2,92,138,0
ruc2anl_130_20081013_1800_000.grb2,112,176,0
ruc2anl_130_20081014_1800_000.grb2,88,163,0
ruc2anl_130_20081015_1800_000.grb2,140,181,0
ruc2anl_130_20081016_1800_000.grb2,103,162,0
ruc2anl_130_20081017_1800_000.grb2,77,174,0
ruc2anl_130_20081018_1800_000.grb2,81,160,0
ruc2anl_130_20081019_1800_000.grb2,76,163,0
ruc2anl_130_20081020_1800_000.grb2,113,160,0
ruc2anl_130_20081021_1800_000.grb2,104,135,0
ruc2anl_130_20081022_1800_000.grb2,120,152,0
ruc2anl_130_20081023_1800_000.grb2,104,152,0
ruc2anl_130_20081024_1800_000.grb2,96,167,0
ruc2anl_130_20081025_1800_000.grb2,70,179,0
ruc2anl_130_20081026_1800_000.grb2,106,122,0
ruc2anl_130_20081027_1800_000.grb2,157,173,0
ruc2anl_130_20081028_1800_000.grb2,90,182,0
ruc2anl_130_20081029_1800_000.grb2,102,131,0
ruc2anl_130_20081030_1800_000.grb2,102,171,0
ruc2anl_130_20081031_1800_000.grb2,132,165,0
ruc2anl_130_20081101_1800_000.grb2,89,176,0
ruc2anl_130_20081102_1800_000.grb2,99,169,0
ruc2anl_130_20081103_1800_000.grb2,100,160,0
ruc2anl_130_20081104_1800_000.grb2,103,150,0
ruc2anl_130_20081105_1800_000.grb2,92,160,0
ruc2anl_130_20081106_1800_000.grb2,140,181,0
ruc2anl_130_20081107_1800_000.grb2,87,162,0
ruc2anl_130_20081108_1800_000.grb2,121,169,0
ruc2anl_130_20081109_1800_000.grb2,113,172,0
ruc2anl_130_20081110_1800_000.grb2,116,140,0
ruc2anl_130_20081111_1800_000.grb2,135,142,0
ruc2anl_130_20081112_1800_000.grb2,95,170,0
ruc2anl_130_20081113_1800_000.grb2,113,158,0
ruc2anl_130_20081114_1800_000.grb2,125,149,0
ruc2anl_130_20081115_1800_000.grb2,115,181,0
ruc2anl_130_20081116_1800_000.grb2,127,159,0
ruc2anl_130_20081117_1800_000.grb2,108,183,0
ruc2anl_130_20081118_1800_000.grb2,105,144,0
ruc2anl_130_20081119_1800_000.grb2,101,181,0
ruc2anl_130_20081120_1800_000.grb2,122,156,0
ruc2anl_130_20081121_1800_000.grb2,140,127,0
ruc2anl_130_20081122_1800_000.grb2,87,207,0
ruc2anl_130_20081123_1800_000.grb2,124,161,0
ruc2anl_130_20081124_1800_000.grb2,111,146,0
ruc2anl_130_20081125_1800_000.grb2,101,171,0
ruc2anl_130_20081126_1800_000.grb2,126,169,0
ruc2anl_130_20081127_1800_000.grb2,105,164,0
ruc2anl_130_20081128_1800_000.grb2,107,150,0
ruc2anl_130_20081129_1800_000.grb2,87,120,0
ruc2anl_130_20081130_1800_000.grb2,119,148,0
ruc2anl_130_20081201_1800_000.grb2,113,159,0
ruc2anl_130_20081202_1800_000.grb2,101,178,0
ruc2anl_130_20081203_1800_000.grb2,109,173,0
ruc2anl_130_20081204_1800_000.grb2,159,163,0
ruc2anl_130_20081205_1800_000.grb2,126,149,0
ruc2anl_130_20081206_1800_000.grb2,71,167,0
ruc2anl_130_20081207_1800_000.grb2,126,158,0
ruc2anl_130_20081208_1800_000.grb2,85,161,1
ruc2anl_130_20081208_1800_000.grb2,95,160,1
ruc2anl_130_20081208_1800_000.grb2,92,170,1
ruc2anl_130_20081209_1800_000.grb2,97,137,0
ruc2anl_130_20081210_1800_000.grb2,93,178,0
ruc2anl_130_20081211_1800_000.grb2,121,152,0
ruc2anl_130_20081212_1800_000.grb2,90,156,0
ruc2anl_130_20081213_1800_000.grb2,104,144,0
ruc2anl_130_20081214_1800_000.grb2,108,180,1
ruc2anl_130_20081215_1800_000.grb2,99,157,0
ruc2anl_130_20081216_1800_000.grb2,117,157,0
ruc2anl_130_20081217_1800_000.grb2,96,149,0
ruc2anl_130_20081218_1800_000.grb2,106,167,0
ruc2anl_130_20081219_1800_000.grb2,100,168,0
ruc2anl_130_20081220_1800_000.grb2,100,142,0
ruc2anl_130_20081221_1800_000.grb2,108,134,0
ruc2anl_130_20081222_1800_000.grb2,118,150,0
ruc2anl_130_20081223_1800_000.grb2,122,156,0
ruc2anl_130_20081224_1800_000.grb2,98,171,0
ruc2anl_130_20081225_1800_000.grb2,110,176,0
ruc2anl_130_20081226_1800_000.grb2,121,185,0
ruc2anl_130_20081227_1800_000.grb2,113,148,0
ruc2anl_130_20081228_1800_000.grb2,106,209,0
ruc2anl_130_20081229_1800_000.grb2,103,124,0
ruc2anl_130_20081230_1800_000.grb2,116,173,0
ruc2anl_130_20081231_1800_000.grb2,123,150,0
ruc2anl_130_20090101_1800_000.grb2,101,152,0
ruc2anl_130_20090102_1800_000.grb2,112,129,0
ruc2anl_130_20090103_1800_000.grb2,120,173,0
ruc2anl_130_20090104_1800_000.grb2,107,162,0
ruc2anl_130_20090105_1800_000.grb2,103,168,0
ruc2anl_130_20090106_1800_000.grb2,96,153,0
ruc2anl_130_20090107_1800_000.grb2,98,182,0
ruc2anl_130_20090108_1800_000.grb2,85,147,0
ruc2anl_130_20090109_1800_000.grb2,115,156,0
ruc2anl_130_20090110_1800_000.grb2,108,177,0
ruc2anl_130_20090111_1800_000.grb2,98,143,0
ruc2anl_130_20090112_1800_000.grb2,129,154,0
ruc2anl_130_20090113_1800_000.grb2,103,159,0
ruc2anl_130_20090114_1800_000.grb2,67,163,0
ruc2anl_130_20090115_1800_000.grb2,150,108,0
ruc2anl_130_20090116_1800_000.grb2,141,155,0
ruc2anl_130_20090117_1800_000.grb2,94,158,0
ruc2anl_130_20090118_1800_000.grb2,94,172,0
ruc2anl_130_20090119_1800_000.grb2,97,152,0
ruc2anl_130_20090120_1800_000.grb2,104,162,0
ruc2anl_130_20090121_1800_000.grb2,93,156,0
ruc2anl_130_20090122_1800_000.grb2,123,163,0
ruc2anl_130_20090123_1800_000.grb2,83,114,0
ruc2anl_130_20090124_1800_000.grb2,97,139,0
ruc2anl_130_20090125_1800_000.grb2,139,193,0
ruc2anl_130_20090126_1800_000.grb2,103,172,0
ruc2anl_130_20090127_1800_000.grb2,97,173,0
ruc2anl_130_20090128_1800_000.grb2,118,157,0
ruc2anl_130_20090129_1800_000.grb2,88,179,0
ruc2anl_130_20090130_1800_000.grb2,104,161,0
ruc2anl_130_20090131_1800_000.grb2,135,159,0
ruc2anl_130_20090201_1800_000.grb2,126,176,0
ruc2anl_130_20090202_1800_000.grb2,117,171,0
ruc2anl_130_20090203_1800_000.grb2,115,167,0
ruc2anl_130_20090204_1800_000.grb2,96,144,0
ruc2anl_130_20090205_1800_000.grb2,111,161,0
ruc2anl_130_20090206_1800_000.grb2,114,164,0
ruc2anl_130_20090207_1800_000.grb2,111,153,0
ruc2anl_130_20090208_1800_000.grb2,95,142,0
ruc2anl_130_20090209_1800_000.grb2,88,166,0
ruc2anl_130_20090210_1800_000.grb2,81,173,1
ruc2anl_130_20090210_1800_000.grb2,84,167,1
ruc2anl_130_20090211_1800_000.grb2,100,155,0
ruc2anl_130_20090212_1800_000.grb2,91,160,0
ruc2anl_130_20090213_1800_000.grb2,129,156,0
ruc2anl_130_20090214_1800_000.grb2,159,145,0
ruc2anl_130_20090215_1800_000.grb2,43,156,0
ruc2anl_130_20090216_1800_000.grb2,96,153,0
ruc2anl_130_20090217_1800_000.grb2,97,178,0
ruc2anl_130_20090218_1800_000.grb2,86,177,0
ruc2anl_130_20090219_1800_000.grb2,131,131,0
ruc2anl_130_20090220_1800_000.grb2,100,140,0
ruc2anl_130_20090221_1800_000.grb2,91,191,0
ruc2anl_130_20090222_1800_000.grb2,112,176,0
ruc2anl_130_20090223_1800_000.grb2,143,152,0
ruc2anl_130_20090224_1800_000.grb2,117,170,0
ruc2anl_130_20090225_1800_000.grb2,120,176,0
ruc2anl_130_20090226_1800_000.grb2,110,130,0
ruc2anl_130_20090227_1800_000.grb2,98,166,0
ruc2anl_130_20090228_1800_000.grb2,102,175,0
ruc2anl_130_20090301_1800_000.grb2,104,127,0
ruc2anl_130_20090302_1800_000.grb2,131,145,0
ruc2anl_130_20090303_1800_000.grb2,118,176,0
ruc2anl_130_20090304_1800_000.grb2,165,130,1
ruc2anl_130_20090305_1800_000.grb2,128,149,1
ruc2anl_130_20090306_1800_000.grb2,131,164,0
ruc2anl_130_20090307_1800_000.grb2,130,175,1
ruc2anl_130_20090308_1800_000.grb2,99,163,0
ruc2anl_130_20090309_1800_000.grb2,105,166,0
ruc2anl_130_20090310_1800_000.grb2,116,161,0
ruc2anl_130_20090311_1800_000.grb2,103,169,0
ruc2anl_130_20090312_1800_000.grb2,88,189,0
ruc2anl_130_20090313_1800_000.grb2,125,162,0
ruc2anl_130_20090314_1800_000.grb2,127,169,0
ruc2anl_130_20090315_1800_000.grb2,107,171,0
ruc2anl_130_20090316_1800_000.grb2,123,124,0
ruc2anl_130_20090317_1800_000.grb2,95,161,0
ruc2anl_130_20090318_1800_000.grb2,98,161,0
ruc2anl_130_20090319_1800_000.grb2,91,140,0
ruc2anl_130_20090320_1800_000.grb2,113,166,0
ruc2anl_130_20090321_1800_000.grb2,112,156,0
ruc2anl_130_20090322_1800_000.grb2,149,137,1
ruc2anl_130_20090322_1800_000.grb2,133,135,1
ruc2anl_130_20090323_1800_000.grb2,108,151,0
ruc2anl_130_20090324_1800_000.grb2,102,137,0
ruc2anl_130_20090325_1800_000.grb2,142,168,0
ruc2anl_130_20090326_1800_000.grb2,99,149,1
ruc2anl_130_20090327_1800_000.grb2,93,134,0
ruc2anl_130_20090328_1800_000.grb2,118,143,0
ruc2anl_130_20090329_1800_000.grb2,147,136,1
ruc2anl_130_20090329_1800_000.grb2,134,134,1
ruc2anl_130_20090330_1800_000.grb2,108,187,1
ruc2anl_130_20090330_1800_000.grb2,114,195,1
ruc2anl_130_20090331_1800_000.grb2,104,177,1
ruc2anl_130_20090401_1800_000.grb2,172,137,1
ruc2anl_130_20090402_1800_000.grb2,119,148,0
ruc2anl_130_20090403_1800_000.grb2,132,137,1
ruc2anl_130_20090403_1800_000.grb2,142,137,1
ruc2anl_130_20090404_1800_000.grb2,126,165,1
ruc2anl_130_20090404_1800_000.grb2,103,197,1
ruc2anl_130_20090404_1800_000.grb2,107,187,1
ruc2anl_130_20090405_1800_000.grb2,103,179,0
ruc2anl_130_20090406_1800_000.grb2,112,188,0
ruc2anl_130_20090407_1800_000.grb2,119,166,0
ruc2anl_130_20090408_1800_000.grb2,136,154,1
ruc2anl_130_20090408_1800_000.grb2,132,134,1
ruc2anl_130_20090408_1800_000.grb2,134,140,1
ruc2anl_130_20090408_1800_000.grb2,144,144,1
ruc2anl_130_20090409_1800_000.grb2,111,200,1
ruc2anl_130_20090409_1800_000.grb2,119,199,1
ruc2anl_130_20090410_1800_000.grb2,102,180,0
ruc2anl_130_20090411_1800_000.grb2,98,156,0
ruc2anl_130_20090412_1800_000.grb2,104,177,1
ruc2anl_130_20090413_1800_000.grb2,127,152,0
ruc2anl_130_20090414_1800_000.grb2,94,152,0
ruc2anl_130_20090415_1800_000.grb2,133,134,1
ruc2anl_130_20090416_1800_000.grb2,102,180,0
ruc2anl_130_20090417_1800_000.grb2,106,145,0
ruc2anl_130_20090418_1800_000.grb2,120,178,0
ruc2anl_130_20090419_1800_000.grb2,124,140,0
ruc2anl_130_20090420_1800_000.grb2,113,180,0
ruc2anl_130_20090421_1800_000.grb2,94,172,0
ruc2anl_130_20090422_1800_000.grb2,109,166,0
ruc2anl_130_20090423_1800_000.grb2,134,154,0
ruc2anl_130_20090424_1800_000.grb2,104,177,0
ruc2anl_130_20090425_1800_000.grb2,142,130,1
ruc2anl_130_20090425_1800_000.grb2,132,138,1
ruc2anl_130_20090426_1800_000.grb2,123,174,1
ruc2anl_130_20090426_1800_000.grb2,114,180,1
ruc2anl_130_20090427_1800_000.grb2,89,150,0
ruc2anl_130_20090428_1800_000.grb2,101,142,0
ruc2anl_130_20090429_1800_000.grb2,113,164,0
ruc2anl_130_20090430_1800_000.grb2,80,171,0
ruc2anl_130_20090501_1800_000.grb2,109,170,0
ruc2anl_130_20090502_1800_000.grb2,95,158,0
ruc2anl_130_20090503_1800_000.grb2,76,137,0
ruc2anl_130_20090504_1800_000.grb2,111,182,0
ruc2anl_130_20090505_1800_000.grb2,110,169,0
ruc2anl_130_20090506_1800_000.grb2,87,168,0
ruc2anl_130_20090507_1800_000.grb2,105,185,0
ruc2anl_130_20090508_1800_000.grb2,100,159,0
ruc2anl_130_20090509_1800_000.grb2,84,158,0
ruc2anl_130_20090510_1800_000.grb2,83,199,0
ruc2anl_130_20090511_1800_000.grb2,89,144,0
ruc2anl_130_20090512_1800_000.grb2,126,167,0
ruc2anl_130_20090513_1800_000.grb2,105,173,0
ruc2anl_130_20090514_1800_000.grb2,116,150,0
ruc2anl_130_20090515_1800_000.grb2,122,136,0
ruc2anl_130_20090516_1800_000.grb2,111,165,0
ruc2anl_130_20090517_1800_000.grb2,93,172,0
ruc2anl_130_20090518_1800_000.grb2,117,152,0
ruc2anl_130_20090519_1800_000.grb2,134,172,0
ruc2anl_130_20090520_1800_000.grb2,112,134,0
ruc2anl_130_20090521_1800_000.grb2,132,141,0
ruc2anl_130_20090522_1800_000.grb2,159,164,0
ruc2anl_130_20090523_1800_000.grb2,117,152,0
ruc2anl_130_20090524_1800_000.grb2,119,157,0
ruc2anl_130_20090525_1800_000.grb2,149,160,0
ruc2anl_130_20090526_1800_000.grb2,115,154,0
ruc2anl_130_20090527_1800_000.grb2,73,146,0
ruc2anl_130_20090528_1800_000.grb2,92,187,0
ruc2anl_130_20090529_1800_000.grb2,106,164,0
ruc2anl_130_20090530_1800_000.grb2,124,143,0
ruc2anl_130_20090531_1800_000.grb2,108,143,0
ruc2anl_130_20090601_1800_000.grb2,97,162,0
ruc2anl_130_20090602_1800_000.grb2,85,176,0
ruc2anl_130_20090603_1800_000.grb2,131,134,0
ruc2anl_130_20090604_1800_000.grb2,118,175,0
ruc2anl_130_20090605_1800_000.grb2,120,150,0
ruc2anl_130_20090606_1800_000.grb2,110,163,0
ruc2anl_130_20090607_1800_000.grb2,145,150,0
ruc2anl_130_20090608_1800_000.grb2,88,189,0
ruc2anl_130_20090609_1800_000.grb2,112,172,0
ruc2anl_130_20090610_1800_000.grb2,99,149,0
ruc2anl_130_20090611_1800_000.grb2,77,146,0
ruc2anl_130_20090612_1800_000.grb2,113,138,0
ruc2anl_130_20090613_1800_000.grb2,93,145,0
ruc2anl_130_20090614_1800_000.grb2,112,145,0
ruc2anl_130_20090615_1800_000.grb2,118,170,0
ruc2anl_130_20090616_1800_000.grb2,131,139,0
ruc2anl_130_20090617_1800_000.grb2,164,168,0
ruc2anl_130_20090618_1800_000.grb2,142,165,0
ruc2anl_130_20090619_1800_000.grb2,83,172,0
ruc2anl_130_20090620_1800_000.grb2,114,156,0
ruc2anl_130_20090621_1800_000.grb2,98,147,0
ruc2anl_130_20090622_1800_000.grb2,110,120,0
ruc2anl_130_20090623_1800_000.grb2,106,180,0
ruc2anl_130_20090624_1800_000.grb2,105,141,0
ruc2anl_130_20090625_1800_000.grb2,131,171,0
ruc2anl_130_20090626_1800_000.grb2,143,138,0
ruc2anl_130_20090627_1800_000.grb2,104,195,0
ruc2anl_130_20090628_1800_000.grb2,115,129,0
ruc2anl_130_20090629_1800_000.grb2,119,157,0
ruc2anl_130_20090630_1800_000.grb2,104,171,0
ruc2anl_130_20090701_1800_000.grb2,84,152,0
ruc2anl_130_20090702_1800_000.grb2,126,155,0
ruc2anl_130_20090703_1800_000.grb2,142,132,0
ruc2anl_130_20090704_1800_000.grb2,93,136,0
ruc2anl_130_20090705_1800_000.grb2,106,187,0
ruc2anl_130_20090706_1800_000.grb2,126,154,0
ruc2anl_130_20090707_1800_000.grb2,141,157,0
ruc2anl_130_20090708_1800_000.grb2,79,168,0
ruc2anl_130_20090709_1800_000.grb2,143,157,0
ruc2anl_130_20090710_1800_000.grb2,89,177,0
ruc2anl_130_20090711_1800_000.grb2,103,193,0
ruc2anl_130_20090712_1800_000.grb2,99,146,0
ruc2anl_130_20090713_1800_000.grb2,102,160,0
ruc2anl_130_20090714_1800_000.grb2,114,148,0
ruc2anl_130_20090715_1800_000.grb2,158,145,0
ruc2anl_130_20090716_1800_000.grb2,101,181,0
ruc2anl_130_20090717_1800_000.grb2,76,165,0
ruc2anl_130_20090718_1800_000.grb2,127,150,0
ruc2anl_130_20090719_1800_000.grb2,101,167,0
ruc2anl_130_20090720_1800_000.grb2,118,150,0
ruc2anl_130_20090721_1800_000.grb2,101,184,0
ruc2anl_130_20090722_1800_000.grb2,117,141,0
ruc2anl_130_20090723_1800_000.grb2,95,190,0
ruc2anl_130_20090724_1800_000.grb2,143,156,0
ruc2anl_130_20090725_1800_000.grb2,88,128,0
ruc2anl_130_20090726_1800_000.grb2,110,174,0
ruc2anl_130_20090727_1800_000.grb2,113,183,0
ruc2anl_130_20090728_1800_000.grb2,124,138,0
ruc2anl_130_20090729_1800_000.grb2,114,145,0
ruc2anl_130_20090730_1800_000.grb2,132,138,0
ruc2anl_130_20090731_1800_000.grb2,115,182,0
ruc2anl_130_20090801_1800_000.grb2,111,154,0
ruc2anl_130_20090802_1800_000.grb2,116,167,0
ruc2anl_130_20090803_1800_000.grb2,90,141,0
ruc2anl_130_20090804_1800_000.grb2,125,115,0
ruc2anl_130_20090805_1800_000.grb2,89,165,0
ruc2anl_130_20090806_1800_000.grb2,102,168,0
ruc2anl_130_20090807_1800_000.grb2,78,176,0
ruc2anl_130_20090808_1800_000.grb2,79,142,0
ruc2anl_130_20090809_1800_000.grb2,132,172,0
ruc2anl_130_20090810_1800_000.grb2,116,197,0
ruc2anl_130_20090811_1800_000.grb2,107,131,0
ruc2anl_130_20090812_1800_000.grb2,173,159,0
ruc2anl_130_20090813_1800_000.grb2,110,155,0
ruc2anl_130_20090814_1800_000.grb2,105,163,0
ruc2anl_130_20090815_1800_000.grb2,137,158,0
ruc2anl_130_20090816_1800_000.grb2,76,153,0
ruc2anl_130_20090817_1800_000.grb2,99,137,0
ruc2anl_130_20090818_1800_000.grb2,98,122,0
ruc2anl_130_20090819_1800_000.grb2,85,180,0
ruc2anl_130_20090820_1800_000.grb2,133,143,0
ruc2anl_130_20090821_1800_000.grb2,98,146,0
ruc2anl_130_20090822_1800_000.grb2,144,172,0
ruc2anl_130_20090823_1800_000.grb2,117,159,0
ruc2anl_130_20090824_1800_000.grb2,100,179,0
ruc2anl_130_20090825_1800_000.grb2,103,125,0
ruc2anl_130_20090826_1800_000.grb2,124,151,0
ruc2anl_130_20090827_1800_000.grb2,103,122,0
ruc2anl_130_20090828_1800_000.grb2,106,153,0
ruc2anl_130_20090829_1800_000.grb2,89,183,0
ruc2anl_130_20090830_1800_000.grb2,123,178,0
ruc2anl_130_20090831_1800_000.grb2,73,169,0
ruc2anl_130_20090901_1800_000.grb2,97,183,0
ruc2anl_130_20090902_1800_000.grb2,98,203,0
ruc2anl_130_20090903_1800_000.grb2,49,118,0
ruc2anl_130_20090904_1800_000.grb2,154,137,0
ruc2anl_130_20090905_1800_000.grb2,137,174,0
ruc2anl_130_20090906_1800_000.grb2,70,153,0
ruc2anl_130_20090907_1800_000.grb2,104,148,0
ruc2anl_130_20090908_1800_000.grb2,131,157,0
ruc2anl_130_20090909_1800_000.grb2,141,147,0
ruc2anl_130_20090910_1800_000.grb2,118,150,0
ruc2anl_130_20090911_1800_000.grb2,114,188,0
ruc2anl_130_20090912_1800_000.grb2,104,174,0
ruc2anl_130_20090913_1800_000.grb2,113,151,0
ruc2anl_130_20090914_1800_000.grb2,80,129,0
ruc2anl_130_20090915_1800_000.grb2,118,147,0
ruc2anl_130_20090916_1800_000.grb2,95,168,0
ruc2anl_130_20090917_1800_000.grb2,124,154,0
ruc2anl_130_20090918_1800_000.grb2,147,164,0
ruc2anl_130_20090919_1800_000.grb2,99,141,0
ruc2anl_130_20090920_1800_000.grb2,78,186,0
ruc2anl_130_20090921_1800_000.grb2,141,153,0
ruc2anl_130_20090922_1800_000.grb2,67,151,0
ruc2anl_130_20090923_1800_000.grb2,113,178,0
ruc2anl_130_20090924_1800_000.grb2,155,164,0
ruc2anl_130_20090925_1800_000.grb2,84,181,0
ruc2anl_130_20090926_1800_000.grb2,111,162,0
ruc2anl_130_20090927_1800_000.grb2,126,165,0
ruc2anl_130_20090928_1800_000.grb2,121,159,0
ruc2anl_130_20090929_1800_000.grb2,87,153,0
ruc2anl_130_20090930_1800_000.grb2,142,137,1
ruc2anl_130_20090930_1800_000.grb2,134,138,1
ruc2anl_130_20090930_1800_000.grb2,132,135,1
ruc2anl_130_20091001_1800_000.grb2,141,167,0
ruc2anl_130_20091002_1800_000.grb2,81,191,0
ruc2anl_130_20091003_1800_000.grb2,122,188,0
ruc2anl_130_20091004_1800_000.grb2,134,140,1
ruc2anl_130_20091005_1800_000.grb2,139,134,1
ruc2anl_130_20091005_1800_000.grb2,133,143,1
ruc2anl_130_20091006_1800_000.grb2,92,145,0
ruc2anl_130_20091007_1800_000.grb2,133,151,0
ruc2anl_130_20091008_1800_000.grb2,147,161,0
ruc2anl_130_20091009_1800_000.grb2,128,184,0
ruc2anl_130_20091010_1800_000.grb2,118,160,0
ruc2anl_130_20091011_1800_000.grb2,122,154,0
ruc2anl_130_20091012_1800_000.grb2,112,193,0
ruc2anl_130_20091013_1800_000.grb2,104,109,0
ruc2anl_130_20091014_1800_000.grb2,154,130,0
ruc2anl_130_20091015_1800_000.grb2,141,164,0
ruc2anl_130_20091016_1800_000.grb2,120,119,0
ruc2anl_130_20091017_1800_000.grb2,119,192,0
ruc2anl_130_20091018_1800_000.grb2,95,134,0
ruc2anl_130_20091019_1800_000.grb2,101,144,0
ruc2anl_130_20091020_1800_000.grb2,121,134,0
ruc2anl_130_20091021_1800_000.grb2,96,141,0
ruc2anl_130_20091022_1800_000.grb2,98,157,0
ruc2anl_130_20091023_1800_000.grb2,105,175,0
ruc2anl_130_20091024_1800_000.grb2,104,166,0
ruc2anl_130_20091025_1800_000.grb2,105,171,0
ruc2anl_130_20091026_1800_000.grb2,91,154,0
ruc2anl_130_20091027_1800_000.grb2,110,177,1
ruc2anl_130_20091028_1800_000.grb2,96,173,0
ruc2anl_130_20091029_1800_000.grb2,109,159,0
ruc2anl_130_20091030_1800_000.grb2,107,188,0
ruc2anl_130_20091031_1800_000.grb2,128,162,0
ruc2anl_130_20091101_1800_000.grb2,117,136,0
ruc2anl_130_20091102_1800_000.grb2,124,188,0
ruc2anl_130_20091103_1800_000.grb2,122,159,0
ruc2anl_130_20091104_1800_000.grb2,107,138,0
ruc2anl_130_20091105_1800_000.grb2,136,162,0
ruc2anl_130_20091106_1800_000.grb2,164,189,0
ruc2anl_130_20091107_1800_000.grb2,80,143,0
ruc2anl_130_20091108_1800_000.grb2,133,155,0
ruc2anl_130_20091109_1800_000.grb2,102,171,0
ruc2anl_130_20091110_1800_000.grb2,96,123,0
ruc2anl_130_20091111_1800_000.grb2,115,148,0
ruc2anl_130_20091112_1800_000.grb2,126,174,0
ruc2anl_130_20091113_1800_000.grb2,145,173,0
ruc2anl_130_20091114_1800_000.grb2,104,149,0
ruc2anl_130_20091115_1800_000.grb2,107,168,0
ruc2anl_130_20091116_1800_000.grb2,87,188,0
ruc2anl_130_20091117_1800_000.grb2,101,161,0
ruc2anl_130_20091118_1800_000.grb2,112,148,0
ruc2anl_130_20091119_1800_000.grb2,98,150,0
ruc2anl_130_20091120_1800_000.grb2,88,135,0
ruc2anl_130_20091121_1800_000.grb2,113,176,0
ruc2anl_130_20091122_1800_000.grb2,116,179,0
ruc2anl_130_20091123_1800_000.grb2,133,177,0
ruc2anl_130_20091124_1800_000.grb2,147,142,0
ruc2anl_130_20091125_1800_000.grb2,93,161,0
ruc2anl_130_20091126_1800_000.grb2,71,161,0
ruc2anl_130_20091127_1800_000.grb2,138,160,0
ruc2anl_130_20091128_1800_000.grb2,102,193,0
ruc2anl_130_20091129_1800_000.grb2,131,143,0
ruc2anl_130_20091130_1800_000.grb2,106,140,0
ruc2anl_130_20091201_1800_000.grb2,103,160,0
ruc2anl_130_20091202_1800_000.grb2,116,157,0
ruc2anl_130_20091203_1800_000.grb2,86,151,0
ruc2anl_130_20091204_1800_000.grb2,125,173,0
ruc2anl_130_20091205_1800_000.grb2,127,166,0
ruc2anl_130_20091206_1800_000.grb2,101,144,0
ruc2anl_130_20091207_1800_000.grb2,107,152,0
ruc2anl_130_20091208_1800_000.grb2,90,167,0
ruc2anl_130_20091209_1800_000.grb2,127,160,0
ruc2anl_130_20091210_1800_000.grb2,115,152,0
ruc2anl_130_20091211_1800_000.grb2,125,176,0
ruc2anl_130_20091212_1800_000.grb2,109,138,0
ruc2anl_130_20091213_1800_000.grb2,85,153,0
ruc2anl_130_20091214_1800_000.grb2,110,163,0
ruc2anl_130_20091215_1800_000.grb2,100,140,0
ruc2anl_130_20091216_1800_000.grb2,127,140,0
ruc2anl_130_20091217_1800_000.grb2,89,189,0
ruc2anl_130_20091218_1800_000.grb2,85,148,0
ruc2anl_130_20091219_1800_000.grb2,89,142,0
ruc2anl_130_20091220_1800_000.grb2,121,152,0
ruc2anl_130_20091221_1800_000.grb2,105,141,0
ruc2anl_130_20091222_1800_000.grb2,101,187,0
ruc2anl_130_20091223_1800_000.grb2,115,130,0
ruc2anl_130_20091224_1800_000.grb2,113,169,0
ruc2anl_130_20091225_1800_000.grb2,100,160,0
ruc2anl_130_20091226_1800_000.grb2,124,155,0
ruc2anl_130_20091227_1800_000.grb2,104,152,0
ruc2anl_130_20091228_1800_000.grb2,114,124,0
ruc2anl_130_20091229_1800_000.grb2,124,163,0
ruc2anl_130_20091230_1800_000.grb2,119,157,0
ruc2anl_130_20091231_1800_000.grb2,117,164,0
ruc2anl_130_20100101_1800_000.grb2,135,149,0
ruc2anl_130_20100102_1800_000.grb2,90,144,0
ruc2anl_130_20100103_1800_000.grb2,106,156,0
ruc2anl_130_20100104_1800_000.grb2,110,135,0
ruc2anl_130_20100105_1800_000.grb2,107,174,0
ruc2anl_130_20100106_1800_000.grb2,102,172,0
ruc2anl_130_20100107_1800_000.grb2,144,161,0
ruc2anl_130_20100108_1800_000.grb2,90,176,0
ruc2anl_130_20100109_1800_000.grb2,68,127,0
ruc2anl_130_20100110_1800_000.grb2,90,168,0
ruc2anl_130_20100111_1800_000.grb2,112,140,0
ruc2anl_130_20100112_1800_000.grb2,99,155,0
ruc2anl_130_20100113_1800_000.grb2,120,145,0
ruc2anl_130_20100114_1800_000.grb2,101,163,0
ruc2anl_130_20100115_1800_000.grb2,122,155,0
ruc2anl_130_20100116_1800_000.grb2,100,173,0
ruc2anl_130_20100117_1800_000.grb2,94,137,0
ruc2anl_130_20100118_1800_000.grb2,88,150,0
ruc2anl_130_20100119_1800_000.grb2,103,160,0
ruc2anl_130_20100120_1800_000.grb2,102,145,0
ruc2anl_130_20100121_1800_000.grb2,83,162,0
ruc2anl_130_20100122_1800_000.grb2,79,173,0
ruc2anl_130_20100123_1800_000.grb2,96,138,0
ruc2anl_130_20100124_1800_000.grb2,133,154,0
ruc2anl_130_20100125_1800_000.grb2,125,165,0
ruc2anl_130_20100126_1800_000.grb2,145,151,0
ruc2anl_130_20100127_1800_000.grb2,80,159,0
ruc2anl_130_20100128_1800_000.grb2,113,173,0
ruc2anl_130_20100129_1800_000.grb2,111,160,0
ruc2anl_130_20100130_1800_000.grb2,143,160,0
ruc2anl_130_20100131_1800_000.grb2,82,137,0
ruc2anl_130_20100201_1800_000.grb2,112,155,0
ruc2anl_130_20100202_1800_000.grb2,87,160,0
ruc2anl_130_20100203_1800_000.grb2,79,163,0
ruc2anl_130_20100204_1800_000.grb2,112,140,0
ruc2anl_130_20100205_1800_000.grb2,124,166,0
ruc2anl_130_20100206_1800_000.grb2,96,174,0
ruc2anl_130_20100207_1800_000.grb2,109,145,0
ruc2anl_130_20100208_1800_000.grb2,111,171,0
ruc2anl_130_20100209_1800_000.grb2,118,165,0
ruc2anl_130_20100210_1800_000.grb2,131,170,0
ruc2anl_130_20100211_1800_000.grb2,118,166,0
ruc2anl_130_20100212_1800_000.grb2,116,170,0
ruc2anl_130_20100213_1800_000.grb2,108,143,0
ruc2anl_130_20100214_1800_000.grb2,113,166,0
ruc2anl_130_20100215_1800_000.grb2,120,126,0
ruc2anl_130_20100216_1800_000.grb2,113,165,0
ruc2anl_130_20100217_1800_000.grb2,132,155,0
ruc2anl_130_20100218_1800_000.grb2,106,155,0
ruc2anl_130_20100219_1800_000.grb2,134,167,0
ruc2anl_130_20100220_1800_000.grb2,134,169,0
ruc2anl_130_20100221_1800_000.grb2,91,158,0
ruc2anl_130_20100222_1800_000.grb2,103,157,0
ruc2anl_130_20100223_1800_000.grb2,114,132,0
ruc2anl_130_20100224_1800_000.grb2,112,161,0
ruc2anl_130_20100225_1800_000.grb2,91,144,0
ruc2anl_130_20100226_1800_000.grb2,127,165,0
ruc2anl_130_20100227_1800_000.grb2,100,171,0
ruc2anl_130_20100228_1800_000.grb2,79,173,1
ruc2anl_130_20100301_1800_000.grb2,91,164,0
ruc2anl_130_20100302_1800_000.grb2,103,180,0
ruc2anl_130_20100303_1800_000.grb2,88,170,0
ruc2anl_130_20100304_1800_000.grb2,118,166,0
ruc2anl_130_20100305_1800_000.grb2,89,128,0
ruc2anl_130_20100306_1800_000.grb2,102,166,0
ruc2anl_130_20100307_1800_000.grb2,95,171,1
ruc2anl_130_20100307_1800_000.grb2,87,183,1
ruc2anl_130_20100307_1800_000.grb2,82,188,1
ruc2anl_130_20100308_1800_000.grb2,85,196,1
ruc2anl_130_20100309_1800_000.grb2,57,133,0
ruc2anl_130_20100310_1800_000.grb2,114,185,1
ruc2anl_130_20100311_1800_000.grb2,98,161,0
ruc2anl_130_20100312_1800_000.grb2,84,137,0
ruc2anl_130_20100313_1800_000.grb2,132,160,0
ruc2anl_130_20100314_1800_000.grb2,98,139,0
ruc2anl_130_20100315_1800_000.grb2,119,192,0
ruc2anl_130_20100316_1800_000.grb2,126,174,0
ruc2anl_130_20100317_1800_000.grb2,91,143,0
ruc2anl_130_20100318_1800_000.grb2,107,143,0
ruc2anl_130_20100319_1800_000.grb2,132,163,0
ruc2anl_130_20100320_1800_000.grb2,130,144,0
ruc2anl_130_20100321_1800_000.grb2,134,165,0
ruc2anl_130_20100322_1800_000.grb2,91,136,0
ruc2anl_130_20100323_1800_000.grb2,124,157,0
ruc2anl_130_20100324_1800_000.grb2,133,183,0
ruc2anl_130_20100325_1800_000.grb2,114,132,0
ruc2anl_130_20100326_1800_000.grb2,109,140,1
ruc2anl_130_20100326_1800_000.grb2,101,157,1
ruc2anl_130_20100326_1800_000.grb2,97,161,1
ruc2anl_130_20100326_1800_000.grb2,92,155,1
ruc2anl_130_20100327_1800_000.grb2,136,198,0
ruc2anl_130_20100328_1800_000.grb2,137,134,0
ruc2anl_130_20100329_1800_000.grb2,111,154,0
ruc2anl_130_20100330_1800_000.grb2,110,147,0
ruc2anl_130_20100331_1800_000.grb2,135,134,1
ruc2anl_130_20100331_1800_000.grb2,131,137,1
ruc2anl_130_20100401_1800_000.grb2,99,153,1
ruc2anl_130_20100401_1800_000.grb2,96,156,1
ruc2anl_130_20100401_1800_000.grb2,89,154,1
ruc2anl_130_20100402_1800_000.grb2,103,124,0
ruc2anl_130_20100403_1800_000.grb2,118,163,0
ruc2anl_130_20100404_1800_000.grb2,80,202,0
ruc2anl_130_20100405_1800_000.grb2,149,134,1
ruc2anl_130_20100405_1800_000.grb2,130,137,1
ruc2anl_130_20100406_1800_000.grb2,95,141,0
ruc2anl_130_20100407_1800_000.grb2,105,182,0
ruc2anl_130_20100408_1800_000.grb2,73,128,0
ruc2anl_130_20100409_1800_000.grb2,106,125,0
ruc2anl_130_20100410_1800_000.grb2,104,142,0
ruc2anl_130_20100411_1800_000.grb2,94,158,0
ruc2anl_130_20100412_1800_000.grb2,132,142,1
ruc2anl_130_20100413_1800_000.grb2,127,138,0
ruc2anl_130_20100414_1800_000.grb2,101,139,0
ruc2anl_130_20100415_1800_000.grb2,67,161,0
ruc2anl_130_20100416_1800_000.grb2,129,179,0
ruc2anl_130_20100417_1800_000.grb2,106,169,0
ruc2anl_130_20100418_1800_000.grb2,110,209,0
ruc2anl_130_20100419_1800_000.grb2,86,145,0
ruc2anl_130_20100420_1800_000.grb2,109,152,0
ruc2anl_130_20100421_1800_000.grb2,133,191,0
ruc2anl_130_20100422_1800_000.grb2,99,155,1
ruc2anl_130_20100422_1800_000.grb2,81,175,1
ruc2anl_130_20100423_1800_000.grb2,81,177,1
ruc2anl_130_20100424_1800_000.grb2,140,155,1
ruc2anl_130_20100425_1800_000.grb2,121,150,0
ruc2anl_130_20100426_1800_000.grb2,117,130,0
ruc2anl_130_20100427_1800_000.grb2,111,183,0
ruc2anl_130_20100428_1800_000.grb2,147,132,1
ruc2anl_130_20100428_1800_000.grb2,133,135,1
ruc2anl_130_20100429_1800_000.grb2,103,157,1
ruc2anl_130_20100429_1800_000.grb2,93,173,1
ruc2anl_130_20100429_1800_000.grb2,108,150,1
ruc2anl_130_20100430_1800_000.grb2,102,167,0
ruc2anl_130_20100501_1800_000.grb2,82,155,0
ruc2anl_130_20100502_1800_000.grb2,118,137,0
ruc2anl_130_20100503_1800_000.grb2,123,166,0
ruc2anl_130_20100504_1800_000.grb2,116,165,0
ruc2anl_130_20100505_1800_000.grb2,136,141,1
ruc2anl_130_20100505_1800_000.grb2,140,152,1
ruc2anl_130_20100506_1800_000.grb2,135,135,1
ruc2anl_130_20100507_1800_000.grb2,146,142,0
ruc2anl_130_20100508_1800_000.grb2,161,178,0
ruc2anl_130_20100509_1800_000.grb2,149,134,1
ruc2anl_130_20100509_1800_000.grb2,133,137,1
ruc2anl_130_20100510_1800_000.grb2,139,194,1
ruc2anl_130_20100510_1800_000.grb2,106,182,1
ruc2anl_130_20100510_1800_000.grb2,123,183,1
ruc2anl_130_20100511_1800_000.grb2,143,134,1
ruc2anl_130_20100511_1800_000.grb2,128,138,1
ruc2anl_130_20100511_1800_000.grb2,141,152,1
ruc2anl_130_20100511_1800_000.grb2,135,173,1
ruc2anl_130_20100512_1800_000.grb2,98,164,0
ruc2anl_130_20100513_1800_000.grb2,119,144,0
ruc2anl_130_20100514_1800_000.grb2,140,156,0
ruc2anl_130_20100515_1800_000.grb2,135,163,0
ruc2anl_130_20100516_1800_000.grb2,92,178,0
ruc2anl_130_20100517_1800_000.grb2,117,169,0
ruc2anl_130_20100518_1800_000.grb2,63,144,0
ruc2anl_130_20100519_1800_000.grb2,144,125,0
ruc2anl_130_20100520_1800_000.grb2,149,172,0
ruc2anl_130_20100521_1800_000.grb2,136,141,1
ruc2anl_130_20100521_1800_000.grb2,138,157,1
ruc2anl_130_20100521_1800_000.grb2,136,172,1
ruc2anl_130_20100522_1800_000.grb2,131,140,1
ruc2anl_130_20100522_1800_000.grb2,134,152,1
ruc2anl_130_20100522_1800_000.grb2,133,170,1
ruc2anl_130_20100523_1800_000.grb2,136,138,1
ruc2anl_130_20100523_1800_000.grb2,135,155,1
ruc2anl_130_20100523_1800_000.grb2,133,173,1
ruc2anl_130_20100524_1800_000.grb2,125,130,0
ruc2anl_130_20100525_1800_000.grb2,96,142,0
ruc2anl_130_20100526_1800_000.grb2,114,145,0
ruc2anl_130_20100527_1800_000.grb2,90,145,0
ruc2anl_130_20100528_1800_000.grb2,149,163,0
ruc2anl_130_20100529_1800_000.grb2,83,158,0
ruc2anl_130_20100530_1800_000.grb2,134,121,0
ruc2anl_130_20100531_1800_000.grb2,136,157,0
ruc2anl_130_20100601_1800_000.grb2,110,167,0
ruc2anl_130_20100602_1800_000.grb2,108,150,0
ruc2anl_130_20100603_1800_000.grb2,124,149,0
ruc2anl_130_20100604_1800_000.grb2,92,148,0
ruc2anl_130_20100605_1800_000.grb2,97,143,0
ruc2anl_130_20100606_1800_000.grb2,92,141,0
ruc2anl_130_20100607_1800_000.grb2,57,156,0
ruc2anl_130_20100608_1800_000.grb2,130,147,0
ruc2anl_130_20100609_1800_000.grb2,152,136,0
ruc2anl_130_20100610_1800_000.grb2,105,142,0
ruc2anl_130_20100611_1800_000.grb2,118,167,0
ruc2anl_130_20100612_1800_000.grb2,118,150,0
ruc2anl_130_20100613_1800_000.grb2,102,176,0
ruc2anl_130_20100614_1800_000.grb2,69,155,0
ruc2anl_130_20100615_1800_000.grb2,138,171,0
ruc2anl_130_20100616_1800_000.grb2,95,141,0
ruc2anl_130_20100617_1800_000.grb2,80,200,0
ruc2anl_130_20100618_1800_000.grb2,97,152,0
ruc2anl_130_20100619_1800_000.grb2,94,145,0
ruc2anl_130_20100620_1800_000.grb2,136,167,0
ruc2anl_130_20100621_1800_000.grb2,114,152,0
ruc2anl_130_20100622_1800_000.grb2,128,132,0
ruc2anl_130_20100623_1800_000.grb2,87,122,0
ruc2anl_130_20100624_1800_000.grb2,112,156,0
ruc2anl_130_20100625_1800_000.grb2,114,156,0
ruc2anl_130_20100626_1800_000.grb2,125,190,0
ruc2anl_130_20100627_1800_000.grb2,95,119,0
ruc2anl_130_20100628_1800_000.grb2,120,167,0
ruc2anl_130_20100629_1800_000.grb2,103,135,0
ruc2anl_130_20100630_1800_000.grb2,138,173,0
ruc2anl_130_20100701_1800_000.grb2,112,150,0
ruc2anl_130_20100702_1800_000.grb2,102,173,0
ruc2anl_130_20100703_1800_000.grb2,112,179,0
ruc2anl_130_20100704_1800_000.grb2,110,171,0
ruc2anl_130_20100705_1800_000.grb2,128,161,0
ruc2anl_130_20100706_1800_000.grb2,110,187,0
ruc2anl_130_20100707_1800_000.grb2,136,176,0
ruc2anl_130_20100708_1800_000.grb2,103,180,0
ruc2anl_130_20100709_1800_000.grb2,85,150,0
ruc2anl_130_20100710_1800_000.grb2,103,166,0
ruc2anl_130_20100711_1800_000.grb2,114,137,0
ruc2anl_130_20100712_1800_000.grb2,113,149,0
ruc2anl_130_20100713_1800_000.grb2,117,157,0
ruc2anl_130_20100714_1800_000.grb2,123,158,0
ruc2anl_130_20100715_1800_000.grb2,92,168,0
ruc2anl_130_20100716_1800_000.grb2,118,134,0
ruc2anl_130_20100717_1800_000.grb2,88,152,0
ruc2anl_130_20100718_1800_000.grb2,127,130,0
ruc2anl_130_20100719_1800_000.grb2,123,206,0
ruc2anl_130_20100720_1800_000.grb2,104,181,0
ruc2anl_130_20100721_1800_000.grb2,89,156,0
ruc2anl_130_20100722_1800_000.grb2,75,180,0
ruc2anl_130_20100723_1800_000.grb2,147,157,0
ruc2anl_130_20100724_1800_000.grb2,118,137,0
ruc2anl_130_20100725_1800_000.grb2,114,154,0
ruc2anl_130_20100726_1800_000.grb2,106,122,0
ruc2anl_130_20100727_1800_000.grb2,124,156,0
ruc2anl_130_20100728_1800_000.grb2,116,159,0
ruc2anl_130_20100729_1800_000.grb2,107,175,0
ruc2anl_130_20100730_1800_000.grb2,101,176,0
ruc2anl_130_20100731_1800_000.grb2,126,146,0
ruc2anl_130_20100801_1800_000.grb2,100,146,0
ruc2anl_130_20100802_1800_000.grb2,84,170,0
ruc2anl_130_20100803_1800_000.grb2,99,160,0
ruc2anl_130_20100804_1800_000.grb2,120,177,0
ruc2anl_130_20100805_1800_000.grb2,101,132,0
ruc2anl_130_20100806_1800_000.grb2,131,157,0
ruc2anl_130_20100807_1800_000.grb2,114,152,0
ruc2anl_130_20100808_1800_000.grb2,105,156,0
ruc2anl_130_20100809_1800_000.grb2,93,170,0
ruc2anl_130_20100810_1800_000.grb2,121,173,0
ruc2anl_130_20100811_1800_000.grb2,97,173,0
ruc2anl_130_20100812_1800_000.grb2,123,171,0
ruc2anl_130_20100813_1800_000.grb2,120,157,0
ruc2anl_130_20100814_1800_000.grb2,125,165,0
ruc2anl_130_20100815_1800_000.grb2,102,186,0
ruc2anl_130_20100816_1800_000.grb2,129,135,0
ruc2anl_130_20100817_1800_000.grb2,115,152,0
ruc2anl_130_20100818_1800_000.grb2,136,155,0
ruc2anl_130_20100819_1800_000.grb2,106,148,0
ruc2anl_130_20100820_1800_000.grb2,162,171,0
ruc2anl_130_20100821_1800_000.grb2,116,152,0
ruc2anl_130_20100822_1800_000.grb2,118,139,0
ruc2anl_130_20100823_1800_000.grb2,120,172,0
ruc2anl_130_20100824_1800_000.grb2,112,139,0
ruc2anl_130_20100825_1800_000.grb2,129,152,0
ruc2anl_130_20100826_1800_000.grb2,102,168,0
ruc2anl_130_20100827_1800_000.grb2,107,158,0
ruc2anl_130_20100828_1800_000.grb2,127,153,0
ruc2anl_130_20100829_1800_000.grb2,101,146,0
ruc2anl_130_20100830_1800_000.grb2,78,140,0
ruc2anl_130_20100831_1800_000.grb2,102,159,0
ruc2anl_130_20100901_1800_000.grb2,110,159,0
ruc2anl_130_20100902_1800_000.grb2,117,175,0
ruc2anl_130_20100903_1800_000.grb2,107,150,0
ruc2anl_130_20100904_1800_000.grb2,64,170,0
ruc2anl_130_20100905_1800_000.grb2,105,180,0
ruc2anl_130_20100906_1800_000.grb2,92,133,0
ruc2anl_130_20100907_1800_000.grb2,83,151,0
ruc2anl_130_20100908_1800_000.grb2,153,122,0
ruc2anl_130_20100909_1800_000.grb2,79,149,0
ruc2anl_130_20100910_1800_000.grb2,95,150,0
ruc2anl_130_20100911_1800_000.grb2,65,139,0
ruc2anl_130_20100912_1800_000.grb2,126,159,0
ruc2anl_130_20100913_1800_000.grb2,92,158,0
ruc2anl_130_20100914_1800_000.grb2,119,142,0
ruc2anl_130_20100915_1800_000.grb2,113,152,0
ruc2anl_130_20100916_1800_000.grb2,94,187,0
ruc2anl_130_20100917_1800_000.grb2,110,170,0
ruc2anl_130_20100918_1800_000.grb2,105,149,0
ruc2anl_130_20100919_1800_000.grb2,79,166,0
ruc2anl_130_20100920_1800_000.grb2,110,167,0
ruc2anl_130_20100921_1800_000.grb2,105,160,0
ruc2anl_130_20100922_1800_000.grb2,114,151,0
ruc2anl_130_20100923_1800_000.grb2,96,166,0
ruc2anl_130_20100924_1800_000.grb2,154,188,0
ruc2anl_130_20100925_1800_000.grb2,98,189,0
ruc2anl_130_20100926_1800_000.grb2,103,166,0
ruc2anl_130_20100927_1800_000.grb2,111,175,0
ruc2anl_130_20100928_1800_000.grb2,104,164,0
ruc2anl_130_20100929_1800_000.grb2,106,172,0
ruc2anl_130_20100930_1800_000.grb2,104,154,0
ruc2anl_130_20101001_1800_000.grb2,151,171,0
ruc2anl_130_20101002_1800_000.grb2,101,170,0
ruc2anl_130_20101003_1800_000.grb2,67,160,0
ruc2anl_130_20101004_1800_000.grb2,92,148,0
ruc2anl_130_20101005_1800_000.grb2,126,153,0
ruc2anl_130_20101006_1800_000.grb2,119,150,0
ruc2anl_130_20101007_1800_000.grb2,134,137,1
ruc2anl_130_20101007_1800_000.grb2,102,142,1
ruc2anl_130_20101008_1800_000.grb2,101,166,0
ruc2anl_130_20101009_1800_000.grb2,132,183,0
ruc2anl_130_20101010_1800_000.grb2,97,119,0
ruc2anl_130_20101011_1800_000.grb2,82,166,0
ruc2anl_130_20101012_1800_000.grb2,109,164,0
ruc2anl_130_20101013_1800_000.grb2,146,138,0
ruc2anl_130_20101014_1800_000.grb2,113,154,0
ruc2anl_130_20101015_1800_000.grb2,86,206,0
ruc2anl_130_20101016_1800_000.grb2,124,148,0
ruc2anl_130_20101017_1800_000.grb2,117,130,0
ruc2anl_130_20101018_1800_000.grb2,154,139,0
ruc2anl_130_20101019_1800_000.grb2,102,175,0
ruc2anl_130_20101020_1800_000.grb2,150,154,0
ruc2anl_130_20101021_1800_000.grb2,87,160,0
ruc2anl_130_20101022_1800_000.grb2,110,171,0
ruc2anl_130_20101023_1800_000.grb2,117,139,0
ruc2anl_130_20101024_1800_000.grb2,55,172,0
ruc2anl_130_20101025_1800_000.grb2,103,176,0
ruc2anl_130_20101026_1800_000.grb2,115,144,0
ruc2anl_130_20101027_1800_000.grb2,132,152,0
ruc2anl_130_20101028_1800_000.grb2,127,191,0
ruc2anl_130_20101029_1800_000.grb2,127,165,0
ruc2anl_130_20101030_1800_000.grb2,75,192,0
ruc2anl_130_20101031_1800_000.grb2,110,167,0
ruc2anl_130_20101101_1800_000.grb2,112,156,0
ruc2anl_130_20101102_1800_000.grb2,79,138,0
ruc2anl_130_20101103_1800_000.grb2,107,168,0
ruc2anl_130_20101104_1800_000.grb2,106,165,0
ruc2anl_130_20101105_1800_000.grb2,124,150,0
ruc2anl_130_20101106_1800_000.grb2,91,155,0
ruc2anl_130_20101107_1800_000.grb2,140,144,0
ruc2anl_130_20101108_1800_000.grb2,99,155,0
ruc2anl_130_20101109_1800_000.grb2,125,173,0
ruc2anl_130_20101110_1800_000.grb2,99,180,0
ruc2anl_130_20101111_1800_000.grb2,108,157,0
ruc2anl_130_20101112_1800_000.grb2,107,155,0
ruc2anl_130_20101113_1800_000.grb2,102,158,0
ruc2anl_130_20101114_1800_000.grb2,99,103,0
ruc2anl_130_20101115_1800_000.grb2,94,136,0
ruc2anl_130_20101116_1800_000.grb2,104,170,0
ruc2anl_130_20101117_1800_000.grb2,116,140,0
ruc2anl_130_20101118_1800_000.grb2,94,156,0
ruc2anl_130_20101119_1800_000.grb2,106,166,0
ruc2anl_130_20101120_1800_000.grb2,61,178,0
ruc2anl_130_20101121_1800_000.grb2,105,144,0
ruc2anl_130_20101122_1800_000.grb2,73,178,0
ruc2anl_130_20101123_1800_000.grb2,105,152,0
ruc2anl_130_20101124_1800_000.grb2,142,153,0
ruc2anl_130_20101125_1800_000.grb2,111,166,0
ruc2anl_130_20101126_1800_000.grb2,61,152,0
ruc2anl_130_20101127_1800_000.grb2,119,135,0
ruc2anl_130_20101128_1800_000.grb2,100,150,1
ruc2anl_130_20101129_1800_000.grb2,115,120,0
ruc2anl_130_20101130_1800_000.grb2,115,171,0
ruc2anl_130_20101201_1800_000.grb2,98,148,0
ruc2anl_130_20101202_1800_000.grb2,110,176,0
ruc2anl_130_20101203_1800_000.grb2,116,158,0
ruc2anl_130_20101204_1800_000.grb2,102,167,0
ruc2anl_130_20101205_1800_000.grb2,100,147,0
ruc2anl_130_20101206_1800_000.grb2,108,143,0
ruc2anl_130_20101207_1800_000.grb2,107,170,0
ruc2anl_130_20101208_1800_000.grb2,100,148,0
ruc2anl_130_20101209_1800_000.grb2,114,155,0
ruc2anl_130_20101210_1800_000.grb2,77,175,0
ruc2anl_130_20101211_1800_000.grb2,113,160,0
ruc2anl_130_20101212_1800_000.grb2,118,140,0
ruc2anl_130_20101213_1800_000.grb2,126,159,0
ruc2anl_130_20101214_1800_000.grb2,96,134,0
ruc2anl_130_20101215_1800_000.grb2,117,181,0
ruc2anl_130_20101216_1800_000.grb2,129,149,0
ruc2anl_130_20101217_1800_000.grb2,106,141,0
ruc2anl_130_20101218_1800_000.grb2,90,145,0
ruc2anl_130_20101219_1800_000.grb2,123,151,0
ruc2anl_130_20101220_1800_000.grb2,126,169,0
ruc2anl_130_20101221_1800_000.grb2,103,146,0
ruc2anl_130_20101222_1800_000.grb2,101,158,0
ruc2anl_130_20101223_1800_000.grb2,103,137,0
ruc2anl_130_20101224_1800_000.grb2,131,162,0
ruc2anl_130_20101225_1800_000.grb2,95,195,0
ruc2anl_130_20101226_1800_000.grb2,80,167,0
ruc2anl_130_20101227_1800_000.grb2,94,175,0
ruc2anl_130_20101228_1800_000.grb2,87,169,0
ruc2anl_130_20101229_1800_000.grb2,134,162,0
ruc2anl_130_20101230_1800_000.grb2,98,154,1
ruc2anl_130_20101231_1800_000.grb2,115,162,0
ruc2anl_130_20110101_1800_000.grb2,96,196,0
ruc2anl_130_20110102_1800_000.grb2,98,145,0
ruc2anl_130_20110103_1800_000.grb2,98,154,0
ruc2anl_130_20110104_1800_000.grb2,108,160,0
ruc2anl_130_20110105_1800_000.grb2,109,154,0
ruc2anl_130_20110106_1800_000.grb2,112,131,0
ruc2anl_130_20110107_1800_000.grb2,136,142,0
ruc2anl_130_20110108_1800_000.grb2,76,142,0
ruc2anl_130_20110109_1800_000.grb2,140,155,0
ruc2anl_130_20110110_1800_000.grb2,113,134,0
ruc2anl_130_20110111_1800_000.grb2,105,142,0
ruc2anl_130_20110112_1800_000.grb2,107,137,0
ruc2anl_130_20110113_1800_000.grb2,127,169,0
ruc2anl_130_20110114_1800_000.grb2,119,126,0
ruc2anl_130_20110115_1800_000.grb2,95,168,0
ruc2anl_130_20110116_1800_000.grb2,118,174,0
ruc2anl_130_20110117_1800_000.grb2,101,177,0
ruc2anl_130_20110118_1800_000.grb2,126,156,0
ruc2anl_130_20110119_1800_000.grb2,101,166,0
ruc2anl_130_20110120_1800_000.grb2,126,159,0
ruc2anl_130_20110121_1800_000.grb2,114,186,0
ruc2anl_130_20110122_1800_000.grb2,99,158,0
ruc2anl_130_20110123_1800_000.grb2,140,181,0
ruc2anl_130_20110124_1800_000.grb2,126,149,0
ruc2anl_130_20110125_1800_000.grb2,99,163,0
ruc2anl_130_20110126_1800_000.grb2,104,141,0
ruc2anl_130_20110127_1800_000.grb2,98,169,0
ruc2anl_130_20110128_1800_000.grb2,114,166,0
ruc2anl_130_20110129_1800_000.grb2,130,166,0
ruc2anl_130_20110130_1800_000.grb2,133,167,0
ruc2anl_130_20110131_1800_000.grb2,117,157,0
ruc2anl_130_20110201_1800_000.grb2,106,167,0
ruc2anl_130_20110202_1800_000.grb2,105,161,0
ruc2anl_130_20110203_1800_000.grb2,112,180,0
ruc2anl_130_20110204_1800_000.grb2,97,171,0
ruc2anl_130_20110205_1800_000.grb2,127,133,0
ruc2anl_130_20110206_1800_000.grb2,100,163,0
ruc2anl_130_20110207_1800_000.grb2,105,149,0
ruc2anl_130_20110208_1800_000.grb2,109,146,1
ruc2anl_130_20110208_1800_000.grb2,98,158,1
ruc2anl_130_20110208_1800_000.grb2,96,157,1
ruc2anl_130_20110209_1800_000.grb2,129,132,0
ruc2anl_130_20110210_1800_000.grb2,122,140,0
ruc2anl_130_20110211_1800_000.grb2,125,163,0
ruc2anl_130_20110212_1800_000.grb2,113,161,0
ruc2anl_130_20110213_1800_000.grb2,138,159,0
ruc2anl_130_20110214_1800_000.grb2,86,164,0
ruc2anl_130_20110215_1800_000.grb2,118,144,0
ruc2anl_130_20110216_1800_000.grb2,110,156,0
ruc2anl_130_20110217_1800_000.grb2,96,139,0
ruc2anl_130_20110218_1800_000.grb2,135,139,0
ruc2anl_130_20110219_1800_000.grb2,76,151,0
ruc2anl_130_20110220_1800_000.grb2,122,165,0
ruc2anl_130_20110221_1800_000.grb2,104,150,0
ruc2anl_130_20110222_1800_000.grb2,115,143,0
ruc2anl_130_20110223_1800_000.grb2,136,136,0
ruc2anl_130_20110224_1800_000.grb2,111,191,1
ruc2anl_130_20110225_1800_000.grb2,90,185,0
ruc2anl_130_20110226_1800_000.grb2,80,156,0
ruc2anl_130_20110227_1800_000.grb2,100,162,1
ruc2anl_130_20110227_1800_000.grb2,77,176,1
ruc2anl_130_20110228_1800_000.grb2,98,128,0
ruc2anl_130_20110301_1800_000.grb2,104,193,0
ruc2anl_130_20110302_1800_000.grb2,111,156,0
ruc2anl_130_20110303_1800_000.grb2,102,159,0
ruc2anl_130_20110304_1800_000.grb2,98,143,0
ruc2anl_130_20110305_1800_000.grb2,112,185,0
ruc2anl_130_20110306_1800_000.grb2,93,175,0
ruc2anl_130_20110307_1800_000.grb2,114,110,1
ruc2anl_130_20110307_1800_000.grb2,111,147,1
ruc2anl_130_20110307_1800_000.grb2,108,151,1
ruc2anl_130_20110307_1800_000.grb2,99,155,1
ruc2anl_130_20110308_1800_000.grb2,98,148,0
ruc2anl_130_20110309_1800_000.grb2,116,162,0
ruc2anl_130_20110310_1800_000.grb2,139,153,0
ruc2anl_130_20110311_1800_000.grb2,124,170,0
ruc2anl_130_20110312_1800_000.grb2,132,186,0
ruc2anl_130_20110313_1800_000.grb2,105,134,0
ruc2anl_130_20110314_1800_000.grb2,123,144,0
ruc2anl_130_20110315_1800_000.grb2,85,151,0
ruc2anl_130_20110316_1800_000.grb2,140,180,0
ruc2anl_130_20110317_1800_000.grb2,97,168,0
ruc2anl_130_20110318_1800_000.grb2,112,147,0
ruc2anl_130_20110319_1800_000.grb2,95,122,0
ruc2anl_130_20110320_1800_000.grb2,119,148,0
ruc2anl_130_20110321_1800_000.grb2,98,155,1
ruc2anl_130_20110321_1800_000.grb2,95,161,1
ruc2anl_130_20110322_1800_000.grb2,114,161,0
ruc2anl_130_20110323_1800_000.grb2,132,158,0
ruc2anl_130_20110324_1800_000.grb2,131,177,0
ruc2anl_130_20110325_1800_000.grb2,116,125,0
ruc2anl_130_20110326_1800_000.grb2,113,132,0
ruc2anl_130_20110327_1800_000.grb2,125,162,0
ruc2anl_130_20110328_1800_000.grb2,121,172,0
ruc2anl_130_20110329_1800_000.grb2,98,144,0
ruc2anl_130_20110330_1800_000.grb2,76,126,0
ruc2anl_130_20110331_1800_000.grb2,92,145,0
ruc2anl_130_20110401_1800_000.grb2,95,142,0
ruc2anl_130_20110402_1800_000.grb2,137,155,0
ruc2anl_130_20110403_1800_000.grb2,108,131,1
ruc2anl_130_20110403_1800_000.grb2,99,135,1
ruc2anl_130_20110404_1800_000.grb2,93,165,1
ruc2anl_130_20110405_1800_000.grb2,140,189,0
ruc2anl_130_20110406_1800_000.grb2,110,191,1
ruc2anl_130_20110407_1800_000.grb2,113,198,1
ruc2anl_130_20110408_1800_000.grb2,129,133,0
ruc2anl_130_20110409_1800_000.grb2,100,150,1
ruc2anl_130_20110409_1800_000.grb2,92,156,1
ruc2anl_130_20110409_1800_000.grb2,78,169,1
ruc2anl_130_20110410_1800_000.grb2,92,135,0
ruc2anl_130_20110411_1800_000.grb2,87,147,0
ruc2anl_130_20110412_1800_000.grb2,136,177,0
ruc2anl_130_20110413_1800_000.grb2,117,169,0
ruc2anl_130_20110414_1800_000.grb2,103,156,1
ruc2anl_130_20110415_1800_000.grb2,103,160,1
ruc2anl_130_20110416_1800_000.grb2,133,154,0
ruc2anl_130_20110417_1800_000.grb2,112,161,0
ruc2anl_130_20110418_1800_000.grb2,103,162,1
ruc2anl_130_20110419_1800_000.grb2,124,156,0
ruc2anl_130_20110420_1800_000.grb2,102,164,1
ruc2anl_130_20110421_1800_000.grb2,143,147,0
ruc2anl_130_20110422_1800_000.grb2,110,144,0
ruc2anl_130_20110423_1800_000.grb2,94,174,0
ruc2anl_130_20110424_1800_000.grb2,99,158,1
ruc2anl_130_20110425_1800_000.grb2,113,191,1
ruc2anl_130_20110426_1800_000.grb2,106,162,1
ruc2anl_130_20110426_1800_000.grb2,95,158,1
ruc2anl_130_20110426_1800_000.grb2,144,139,1
ruc2anl_130_20110427_1800_000.grb2,129,153,0
ruc2anl_130_20110428_1800_000.grb2,125,160,0
ruc2anl_130_20110429_1800_000.grb2,101,162,1
ruc2anl_130_20110430_1800_000.grb2,100,163,1
ruc2anl_130_20110501_1800_000.grb2,104,193,1
ruc2anl_130_20110501_1800_000.grb2,97,202,1
ruc2anl_130_20110502_1800_000.grb2,108,177,0
ruc2anl_130_20110503_1800_000.grb2,114,170,0
ruc2anl_130_20110504_1800_000.grb2,134,146,0
ruc2anl_130_20110505_1800_000.grb2,148,166,0
ruc2anl_130_20110506_1800_000.grb2,126,121,0
ruc2anl_130_20110507_1800_000.grb2,105,178,0
ruc2anl_130_20110508_1800_000.grb2,80,172,0
ruc2anl_130_20110509_1800_000.grb2,77,144,0
ruc2anl_130_20110510_1800_000.grb2,113,146,0
ruc2anl_130_20110511_1800_000.grb2,105,144,0
ruc2anl_130_20110512_1800_000.grb2,90,161,0
ruc2anl_130_20110513_1800_000.grb2,114,175,0
ruc2anl_130_20110514_1800_000.grb2,110,195,0
ruc2anl_130_20110515_1800_000.grb2,111,157,0
ruc2anl_130_20110516_1800_000.grb2,126,171,0
ruc2anl_130_20110517_1800_000.grb2,142,180,0
ruc2anl_130_20110518_1800_000.grb2,131,181,0
ruc2anl_130_20110519_1800_000.grb2,99,157,1
ruc2anl_130_20110520_1800_000.grb2,101,162,1
ruc2anl_130_20110520_1800_000.grb2,97,161,1
ruc2anl_130_20110521_1800_000.grb2,114,183,0
ruc2anl_130_20110522_1800_000.grb2,132,143,0
ruc2anl_130_20110523_1800_000.grb2,108,171,0
ruc2anl_130_20110524_1800_000.grb2,150,206,0
ruc2anl_130_20110525_1800_000.grb2,110,160,0
ruc2anl_130_20110526_1800_000.grb2,102,166,0
ruc2anl_130_20110527_1800_000.grb2,90,170,0
ruc2anl_130_20110528_1800_000.grb2,136,137,1
ruc2anl_130_20110529_1800_000.grb2,99,159,1
ruc2anl_130_20110529_1800_000.grb2,136,144,1
ruc2anl_130_20110529_1800_000.grb2,141,160,1
ruc2anl_130_20110530_1800_000.grb2,123,133,0
ruc2anl_130_20110531_1800_000.grb2,128,142,0
ruc2anl_130_20110601_1800_000.grb2,107,145,0
ruc2anl_130_20110602_1800_000.grb2,103,167,0
ruc2anl_130_20110603_1800_000.grb2,114,152,0
ruc2anl_130_20110604_1800_000.grb2,123,148,1
ruc2anl_130_20110605_1800_000.grb2,134,155,0
ruc2anl_130_20110606_1800_000.grb2,135,159,0
ruc2anl_130_20110607_1800_000.grb2,110,130,0
ruc2anl_130_20110608_1800_000.grb2,106,172,0
ruc2anl_130_20110609_1800_000.grb2,119,151,0
ruc2anl_130_20110610_1800_000.grb2,99,133,0
ruc2anl_130_20110611_1800_000.grb2,84,176,0
ruc2anl_130_20110612_1800_000.grb2,118,116,0
ruc2anl_130_20110613_1800_000.grb2,110,168,0
ruc2anl_130_20110614_1800_000.grb2,81,150,0
ruc2anl_130_20110615_1800_000.grb2,85,146,0
ruc2anl_130_20110616_1800_000.grb2,74,161,0
ruc2anl_130_20110617_1800_000.grb2,106,147,0
ruc2anl_130_20110618_1800_000.grb2,136,168,0
ruc2anl_130_20110619_1800_000.grb2,103,151,0
ruc2anl_130_20110620_1800_000.grb2,119,162,0
ruc2anl_130_20110621_1800_000.grb2,122,131,0
ruc2anl_130_20110622_1800_000.grb2,118,168,0
ruc2anl_130_20110623_1800_000.grb2,106,162,0
ruc2anl_130_20110624_1800_000.grb2,96,135,0
ruc2anl_130_20110625_1800_000.grb2,80,136,0
ruc2anl_130_20110626_1800_000.grb2,134,149,0
ruc2anl_130_20110627_1800_000.grb2,111,145,0
ruc2anl_130_20110628_1800_000.grb2,138,134,0
ruc2anl_130_20110629_1800_000.grb2,134,156,0
ruc2anl_130_20110630_1800_000.grb2,64,156,0
ruc2anl_130_20110701_1800_000.grb2,118,143,0
ruc2anl_130_20110702_1800_000.grb2,124,151,0
ruc2anl_130_20110703_1800_000.grb2,116,163,0
ruc2anl_130_20110704_1800_000.grb2,123,188,0
ruc2anl_130_20110705_1800_000.grb2,118,189,0
ruc2anl_130_20110706_1800_000.grb2,126,142,0
ruc2anl_130_20110707_1800_000.grb2,125,162,0
ruc2anl_130_20110708_1800_000.grb2,102,194,0
ruc2anl_130_20110709_1800_000.grb2,134,127,0
ruc2anl_130_20110710_1800_000.grb2,142,152,0
ruc2anl_130_20110711_1800_000.grb2,123,142,0
ruc2anl_130_20110712_1800_000.grb2,46,205,0
ruc2anl_130_20110713_1800_000.grb2,111,136,0
ruc2anl_130_20110714_1800_000.grb2,115,156,0
ruc2anl_130_20110715_1800_000.grb2,141,175,0
ruc2anl_130_20110716_1800_000.grb2,98,174,0
ruc2anl_130_20110717_1800_000.grb2,91,148,0
ruc2anl_130_20110718_1800_000.grb2,100,146,0
ruc2anl_130_20110719_1800_000.grb2,116,185,0
ruc2anl_130_20110720_1800_000.grb2,98,136,0
ruc2anl_130_20110721_1800_000.grb2,120,171,0
ruc2anl_130_20110722_1800_000.grb2,128,138,0
ruc2anl_130_20110723_1800_000.grb2,113,185,0
ruc2anl_130_20110724_1800_000.grb2,103,155,0
ruc2anl_130_20110725_1800_000.grb2,133,165,0
ruc2anl_130_20110726_1800_000.grb2,117,158,0
ruc2anl_130_20110727_1800_000.grb2,118,134,0
ruc2anl_130_20110728_1800_000.grb2,114,123,0
ruc2anl_130_20110729_1800_000.grb2,116,116,0
ruc2anl_130_20110730_1800_000.grb2,102,160,0
ruc2anl_130_20110731_1800_000.grb2,122,157,0
ruc2anl_130_20110801_1800_000.grb2,143,164,0
ruc2anl_130_20110802_1800_000.grb2,106,140,0
ruc2anl_130_20110803_1800_000.grb2,107,168,0
ruc2anl_130_20110804_1800_000.grb2,107,192,0
ruc2anl_130_20110805_1800_000.grb2,98,138,0
ruc2anl_130_20110806_1800_000.grb2,120,201,0
ruc2anl_130_20110807_1800_000.grb2,112,177,0
ruc2anl_130_20110808_1800_000.grb2,123,129,0
ruc2anl_130_20110809_1800_000.grb2,102,151,0
ruc2anl_130_20110810_1800_000.grb2,99,144,0
ruc2anl_130_20110811_1800_000.grb2,112,151,0
ruc2anl_130_20110812_1800_000.grb2,92,165,0
ruc2anl_130_20110813_1800_000.grb2,115,150,0
ruc2anl_130_20110814_1800_000.grb2,132,181,0
ruc2anl_130_20110815_1800_000.grb2,141,150,0
ruc2anl_130_20110816_1800_000.grb2,105,160,0
ruc2anl_130_20110817_1800_000.grb2,87,152,0
ruc2anl_130_20110818_1800_000.grb2,177,158,0
ruc2anl_130_20110819_1800_000.grb2,100,174,0
ruc2anl_130_20110820_1800_000.grb2,92,160,0
ruc2anl_130_20110821_1800_000.grb2,99,143,0
ruc2anl_130_20110822_1800_000.grb2,78,141,0
ruc2anl_130_20110823_1800_000.grb2,156,123,0
ruc2anl_130_20110824_1800_000.grb2,107,142,0
ruc2anl_130_20110825_1800_000.grb2,103,160,0
ruc2anl_130_20110826_1800_000.grb2,90,147,0
ruc2anl_130_20110827_1800_000.grb2,127,185,0
ruc2anl_130_20110828_1800_000.grb2,111,147,0
ruc2anl_130_20110829_1800_000.grb2,138,151,0
ruc2anl_130_20110830_1800_000.grb2,132,103,0
ruc2anl_130_20110831_1800_000.grb2,131,156,0
ruc2anl_130_20110901_1800_000.grb2,86,158,0
ruc2anl_130_20110902_1800_000.grb2,99,167,0
ruc2anl_130_20110903_1800_000.grb2,106,171,0
ruc2anl_130_20110904_1800_000.grb2,89,154,0
ruc2anl_130_20110905_1800_000.grb2,118,164,0
ruc2anl_130_20110906_1800_000.grb2,123,133,0
ruc2anl_130_20110907_1800_000.grb2,103,172,0
ruc2anl_130_20110908_1800_000.grb2,57,145,0
ruc2anl_130_20110909_1800_000.grb2,112,184,0
ruc2anl_130_20110910_1800_000.grb2,85,174,0
ruc2anl_130_20110911_1800_000.grb2,149,137,0
ruc2anl_130_20110912_1800_000.grb2,109,148,0
ruc2anl_130_20110913_1800_000.grb2,135,191,0
ruc2anl_130_20110914_1800_000.grb2,103,139,0
ruc2anl_130_20110915_1800_000.grb2,141,154,0
ruc2anl_130_20110916_1800_000.grb2,122,183,0
ruc2anl_130_20110917_1800_000.grb2,137,167,0
ruc2anl_130_20110918_1800_000.grb2,124,161,0
ruc2anl_130_20110919_1800_000.grb2,93,156,0
ruc2anl_130_20110920_1800_000.grb2,117,178,0
ruc2anl_130_20110921_1800_000.grb2,85,166,0
ruc2anl_130_20110922_1800_000.grb2,136,146,0
ruc2anl_130_20110923_1800_000.grb2,134,172,0
ruc2anl_130_20110924_1800_000.grb2,106,149,0
ruc2anl_130_20110925_1800_000.grb2,104,161,0
ruc2anl_130_20110926_1800_000.grb2,105,134,0
ruc2anl_130_20110927_1800_000.grb2,117,118,0
ruc2anl_130_20110928_1800_000.grb2,137,182,0
ruc2anl_130_20110929_1800_000.grb2,87,149,0
ruc2anl_130_20110930_1800_000.grb2,123,131,0
ruc2anl_130_20111001_1800_000.grb2,131,166,0
ruc2anl_130_20111002_1800_000.grb2,139,152,0
ruc2anl_130_20111003_1800_000.grb2,100,165,0
ruc2anl_130_20111004_1800_000.grb2,103,135,0
ruc2anl_130_20111005_1800_000.grb2,147,136,1
ruc2anl_130_20111005_1800_000.grb2,136,134,1
ruc2anl_130_20111006_1800_000.grb2,122,165,0
ruc2anl_130_20111007_1800_000.grb2,81,160,0
ruc2anl_130_20111008_1800_000.grb2,99,136,0
ruc2anl_130_20111009_1800_000.grb2,102,154,0
ruc2anl_130_20111010_1800_000.grb2,127,158,0
ruc2anl_130_20111011_1800_000.grb2,126,146,0
ruc2anl_130_20111012_1800_000.grb2,108,169,0
ruc2anl_130_20111013_1800_000.grb2,99,172,0
ruc2anl_130_20111014_1800_000.grb2,114,161,0
ruc2anl_130_20111015_1800_000.grb2,125,175,0
ruc2anl_130_20111016_1800_000.grb2,137,207,0
ruc2anl_130_20111017_1800_000.grb2,137,162,0
ruc2anl_130_20111018_1800_000.grb2,147,160,0
ruc2anl_130_20111019_1800_000.grb2,109,131,0
ruc2anl_130_20111020_1800_000.grb2,120,162,0
ruc2anl_130_20111021_1800_000.grb2,98,176,0
ruc2anl_130_20111022_1800_000.grb2,151,160,0
ruc2anl_130_20111023_1800_000.grb2,149,158,0
ruc2anl_130_20111024_1800_000.grb2,103,143,0
ruc2anl_130_20111025_1800_000.grb2,120,169,0
ruc2anl_130_20111026_1800_000.grb2,99,146,0
ruc2anl_130_20111027_1800_000.grb2,154,156,0
ruc2anl_130_20111028_1800_000.grb2,107,139,0
ruc2anl_130_20111029_1800_000.grb2,118,149,0
ruc2anl_130_20111030_1800_000.grb2,113,166,0
ruc2anl_130_20111031_1800_000.grb2,95,172,0
ruc2anl_130_20111101_1800_000.grb2,104,154,0
ruc2anl_130_20111102_1800_000.grb2,121,166,0
ruc2anl_130_20111103_1800_000.grb2,72,155,0
ruc2anl_130_20111104_1800_000.grb2,126,164,0
ruc2anl_130_20111105_1800_000.grb2,89,171,1
ruc2anl_130_20111105_1800_000.grb2,95,162,1
ruc2anl_130_20111105_1800_000.grb2,99,149,1
ruc2anl_130_20111105_1800_000.grb2,142,147,1
ruc2anl_130_20111105_1800_000.grb2,130,143,1
ruc2anl_130_20111106_1800_000.grb2,127,168,0
ruc2anl_130_20111107_1800_000.grb2,99,155,1
ruc2anl_130_20111108_1800_000.grb2,124,152,0
ruc2anl_130_20111109_1800_000.grb2,87,159,0
ruc2anl_130_20111110_1800_000.grb2,89,171,0
ruc2anl_130_20111111_1800_000.grb2,147,144,0
ruc2anl_130_20111112_1800_000.grb2,121,126,0
ruc2anl_130_20111113_1800_000.grb2,91,146,0
ruc2anl_130_20111114_1800_000.grb2,129,195,0
ruc2anl_130_20111115_1800_000.grb2,114,172,0
ruc2anl_130_20111116_1800_000.grb2,121,153,0
ruc2anl_130_20111117_1800_000.grb2,94,171,0
ruc2anl_130_20111118_1800_000.grb2,107,146,0
ruc2anl_130_20111119_1800_000.grb2,84,169,0
ruc2anl_130_20111120_1800_000.grb2,96,164,0
ruc2anl_130_20111121_1800_000.grb2,95,169,1
ruc2anl_130_20111121_1800_000.grb2,143,146,1
ruc2anl_130_20111122_1800_000.grb2,109,180,0
ruc2anl_130_20111123_1800_000.grb2,96,157,0
ruc2anl_130_20111124_1800_000.grb2,80,149,0
ruc2anl_130_20111125_1800_000.grb2,139,136,0
ruc2anl_130_20111126_1800_000.grb2,123,194,1
ruc2anl_130_20111126_1800_000.grb2,93,187,1
ruc2anl_130_20111127_1800_000.grb2,115,156,0
ruc2anl_130_20111128_1800_000.grb2,129,172,0
ruc2anl_130_20111129_1800_000.grb2,133,162,0
ruc2anl_130_20111130_1800_000.grb2,122,159,0
ruc2anl_130_20111201_1800_000.grb2,127,132,0
ruc2anl_130_20111202_1800_000.grb2,120,137,0
ruc2anl_130_20111203_1800_000.grb2,97,162,0
ruc2anl_130_20111204_1800_000.grb2,119,153,0
ruc2anl_130_20111205_1800_000.grb2,90,160,0
ruc2anl_130_20111206_1800_000.grb2,140,140,0
ruc2anl_130_20111207_1800_000.grb2,125,140,0
ruc2anl_130_20111208_1800_000.grb2,139,141,0
ruc2anl_130_20111209_1800_000.grb2,118,176,0
ruc2anl_130_20111210_1800_000.grb2,112,141,0
ruc2anl_130_20111211_1800_000.grb2,93,131,0
ruc2anl_130_20111212_1800_000.grb2,109,166,0
ruc2anl_130_20111213_1800_000.grb2,128,170,0
ruc2anl_130_20111214_1800_000.grb2,95,151,0
ruc2anl_130_20111215_1800_000.grb2,104,163,0
ruc2anl_130_20111216_1800_000.grb2,84,157,0
ruc2anl_130_20111217_1800_000.grb2,98,145,0
ruc2anl_130_20111218_1800_000.grb2,100,179,0
ruc2anl_130_20111219_1800_000.grb2,122,147,0
ruc2anl_130_20111220_1800_000.grb2,101,143,0
ruc2anl_130_20111221_1800_000.grb2,75,135,0
ruc2anl_130_20111222_1800_000.grb2,87,130,0
ruc2anl_130_20111223_1800_000.grb2,111,164,0
ruc2anl_130_20111224_1800_000.grb2,87,154,0
ruc2anl_130_20111225_1800_000.grb2,97,145,0
ruc2anl_130_20111226_1800_000.grb2,113,161,0
ruc2anl_130_20111227_1800_000.grb2,105,176,0
ruc2anl_130_20111228_1800_000.grb2,130,188,0
ruc2anl_130_20111229_1800_000.grb2,154,168,0
ruc2anl_130_20111230_1800_000.grb2,122,140,0
ruc2anl_130_20111231_1800_000.grb2,84,189,0
ruc2anl_130_20120101_1800_000.grb2,144,130,0
ruc2anl_130_20120102_1800_000.grb2,130,190,0
ruc2anl_130_20120103_1800_000.grb2,112,163,0
ruc2anl_130_20120104_1800_000.grb2,106,148,0
ruc2anl_130_20120105_1800_000.grb2,122,160,0
ruc2anl_130_20120106_1800_000.grb2,146,169,0
ruc2anl_130_20120107_1800_000.grb2,157,169,0
ruc2anl_130_20120108_1800_000.grb2,145,127,0
ruc2anl_130_20120109_1800_000.grb2,89,142,0
ruc2anl_130_20120110_1800_000.grb2,109,191,0
ruc2anl_130_20120111_1800_000.grb2,130,141,0
ruc2anl_130_20120112_1800_000.grb2,107,173,0
ruc2anl_130_20120113_1800_000.grb2,74,178,0
ruc2anl_130_20120114_1800_000.grb2,101,150,0
ruc2anl_130_20120115_1800_000.grb2,74,156,0
ruc2anl_130_20120116_1800_000.grb2,120,178,0
ruc2anl_130_20120117_1800_000.grb2,131,182,0
ruc2anl_130_20120118_1800_000.grb2,106,188,0
ruc2anl_130_20120119_1800_000.grb2,113,190,0
ruc2anl_130_20120120_1800_000.grb2,114,127,0
ruc2anl_130_20120121_1800_000.grb2,100,180,1
ruc2anl_130_20120121_1800_000.grb2,76,187,1
ruc2anl_130_20120121_1800_000.grb2,104,193,1
ruc2anl_130_20120121_1800_000.grb2,123,186,1
ruc2anl_130_20120122_1800_000.grb2,77,186,0
ruc2anl_130_20120123_1800_000.grb2,101,146,0
ruc2anl_130_20120124_1800_000.grb2,88,173,0
ruc2anl_130_20120125_1800_000.grb2,100,124,0
ruc2anl_130_20120126_1800_000.grb2,86,133,0
ruc2anl_130_20120127_1800_000.grb2,123,122,0
ruc2anl_130_20120128_1800_000.grb2,153,141,0
ruc2anl_130_20120129_1800_000.grb2,132,187,0
ruc2anl_130_20120130_1800_000.grb2,90,176,0
ruc2anl_130_20120131_1800_000.grb2,81,155,0
ruc2anl_130_20120201_1800_000.grb2,93,195,0
ruc2anl_130_20120202_1800_000.grb2,109,167,0
ruc2anl_130_20120203_1800_000.grb2,114,147,0
ruc2anl_130_20120204_1800_000.grb2,112,152,0
ruc2anl_130_20120205_1800_000.grb2,96,137,0
ruc2anl_130_20120206_1800_000.grb2,104,158,0
ruc2anl_130_20120207_1800_000.grb2,101,149,0
ruc2anl_130_20120208_1800_000.grb2,109,174,0
ruc2anl_130_20120209_1800_000.grb2,94,154,0
ruc2anl_130_20120210_1800_000.grb2,136,142,0
ruc2anl_130_20120211_1800_000.grb2,110,131,0
ruc2anl_130_20120212_1800_000.grb2,119,175,0
ruc2anl_130_20120213_1800_000.grb2,95,185,0
ruc2anl_130_20120214_1800_000.grb2,134,146,0
ruc2anl_130_20120215_1800_000.grb2,105,186,1
ruc2anl_130_20120215_1800_000.grb2,112,194,1
ruc2anl_130_20120216_1800_000.grb2,79,157,0
ruc2anl_130_20120217_1800_000.grb2,105,163,0
ruc2anl_130_20120218_1800_000.grb2,114,150,0
ruc2anl_130_20120219_1800_000.grb2,119,136,0
ruc2anl_130_20120220_1800_000.grb2,95,161,0
ruc2anl_130_20120221_1800_000.grb2,121,179,0
ruc2anl_130_20120222_1800_000.grb2,115,187,1
ruc2anl_130_20120223_1800_000.grb2,90,137,0
ruc2anl_130_20120224_1800_000.grb2,121,152,0
ruc2anl_130_20120225_1800_000.grb2,111,198,1
ruc2anl_130_20120226_1800_000.grb2,161,157,0
ruc2anl_130_20120227_1800_000.grb2,97,177,0
ruc2anl_130_20120228_1800_000.grb2,128,143,0
ruc2anl_130_20120229_1800_000.grb2,118,153,0
ruc2anl_130_20120301_1800_000.grb2,89,133,0
ruc2anl_130_20120302_1800_000.grb2,106,163,1
ruc2anl_130_20120303_1800_000.grb2,100,147,0
ruc2anl_130_20120304_1800_000.grb2,126,159,0
ruc2anl_130_20120305_1800_000.grb2,91,136,0
ruc2anl_130_20120306_1800_000.grb2,103,164,1
ruc2anl_130_20120307_1800_000.grb2,99,155,1
ruc2anl_130_20120307_1800_000.grb2,90,167,1
ruc2anl_130_20120307_1800_000.grb2,96,157,1
ruc2anl_130_20120307_1800_000.grb2,85,168,1
ruc2anl_130_20120307_1800_000.grb2,109,161,1
ruc2anl_130_20120308_1800_000.grb2,84,150,0
ruc2anl_130_20120309_1800_000.grb2,127,156,0
ruc2anl_130_20120310_1800_000.grb2,83,148,0
ruc2anl_130_20120311_1800_000.grb2,103,152,0
ruc2anl_130_20120312_1800_000.grb2,138,174,0
ruc2anl_130_20120313_1800_000.grb2,116,185,0
ruc2anl_130_20120314_1800_000.grb2,125,156,0
ruc2anl_130_20120315_1800_000.grb2,74,165,0
ruc2anl_130_20120316_1800_000.grb2,118,149,0
ruc2anl_130_20120317_1800_000.grb2,99,159,1
ruc2anl_130_20120318_1800_000.grb2,110,157,0
ruc2anl_130_20120319_1800_000.grb2,107,174,0
ruc2anl_130_20120320_1800_000.grb2,108,150,0
ruc2anl_130_20120321_1800_000.grb2,82,151,0
ruc2anl_130_20120322_1800_000.grb2,110,120,0
ruc2anl_130_20120323_1800_000.grb2,99,148,0
ruc2anl_130_20120324_1800_000.grb2,133,181,0
ruc2anl_130_20120325_1800_000.grb2,106,144,0
ruc2anl_130_20120326_1800_000.grb2,146,149,1
ruc2anl_130_20120326_1800_000.grb2,143,150,1
ruc2anl_130_20120326_1800_000.grb2,102,160,1
ruc2anl_130_20120327_1800_000.grb2,99,159,0
ruc2anl_130_20120328_1800_000.grb2,120,154,0
ruc2anl_130_20120329_1800_000.grb2,119,169,0
ruc2anl_130_20120330_1800_000.grb2,88,145,0
ruc2anl_130_20120331_1800_000.grb2,102,161,1
ruc2anl_130_20120401_1800_000.grb2,100,159,1
ruc2anl_130_20120401_1800_000.grb2,137,135,1
ruc2anl_130_20120402_1800_000.grb2,102,156,1
ruc2anl_130_20120403_1800_000.grb2,112,173,0
ruc2anl_130_20120404_1800_000.grb2,101,149,0
ruc2anl_130_20120405_1800_000.grb2,90,149,0
ruc2anl_130_20120406_1800_000.grb2,152,172,1
ruc2anl_130_20120407_1800_000.grb2,78,144,0
ruc2anl_130_20120408_1800_000.grb2,93,148,0
ruc2anl_130_20120409_1800_000.grb2,120,150,0
ruc2anl_130_20120410_1800_000.grb2,119,145,0
ruc2anl_130_20120411_1800_000.grb2,101,158,1
ruc2anl_130_20120411_1800_000.grb2,137,140,1
ruc2anl_130_20120412_1800_000.grb2,122,169,0
ruc2anl_130_20120413_1800_000.grb2,118,147,0
ruc2anl_130_20120414_1800_000.grb2,99,154,1
ruc2anl_130_20120414_1800_000.grb2,96,151,1
ruc2anl_130_20120414_1800_000.grb2,88,159,1
ruc2anl_130_20120414_1800_000.grb2,107,154,1
ruc2anl_130_20120415_1800_000.grb2,109,189,1
ruc2anl_130_20120416_1800_000.grb2,109,151,0
ruc2anl_130_20120417_1800_000.grb2,131,164,0
ruc2anl_130_20120418_1800_000.grb2,131,171,0
ruc2anl_130_20120419_1800_000.grb2,101,162,1
ruc2anl_130_20120420_1800_000.grb2,125,172,0
ruc2anl_130_20120421_1800_000.grb2,112,184,0
ruc2anl_130_20120422_1800_000.grb2,122,192,0
ruc2anl_130_20120423_1800_000.grb2,90,145,0
ruc2anl_130_20120424_1800_000.grb2,106,150,0
ruc2anl_130_20120425_1800_000.grb2,116,167,0
ruc2anl_130_20120426_1800_000.grb2,100,153,1
ruc2anl_130_20120427_1800_000.grb2,120,185,1
ruc2anl_130_20120427_1800_000.grb2,113,186,1
ruc2anl_130_20120428_1800_000.grb2,122,147,0
ruc2anl_130_20120429_1800_000.grb2,126,85,0
ruc2anl_130_20120430_1800_000.grb2,116,163,0
