,date,hour_start,hour_end,0,1,2,3,4,5,6,7,8,9,10,11,12,13,14,15,16,17,18,19,20,21,22,23,24,25,26,27,28,29,30,31,32,33,34,35,36,37,38,39,40,41,42,43,44,45,46,47,48,49,50,51,52,53,54,55,56,57,58,59,60,61,62,63,64,65,66,67,68,69,70,71,72,73,74,75,76,77,78,79,80,81,82,83,84,85,86,87,88,89,90,91,92,93,94,95,96,97,98,99,100,101,102,103,104,105,106,107,108,109,110,111,112,113,114,115,116,117,118,119,120,121,122,123,124,125,126,127,128,129,130,131,132,133,134,135,136,137,138,139,140,141,142,143,144,145,146,147,148,149,150,151,152,153,154,155,156,157,158,159,160,161,162,163,164,165,166,167,168,169,170,171,172,173,174,175,176,177,178,179,180,181,182,183,184,185,186,187,188,189,190,191,192,193,194,195,196,197,198,199,200,201,202,203,204,205,206,207,208,209,210,211,212,213,214,215,216,217,218,219,220,221,222,223,224,225,226,227,228,229,230,231,232,233,234,235,236,237,238,239,240,241,242,243,244,245,246,247,248,249,250,251,252,253,254,255,256,257,258,259,260,261,262,263,264,265,266,267,268,269,270,271,272,273,274,275,276,277,278,279,280,281,282,283,284,285,286,287,288,289,290,291,292,293,294,295,296,297,298,299,300,301,302,303,304,305,306,307,308,309,310,311,312,313,314,315,316,317,318,319,320
0,20110604,00,05.,-109.298311,34.019075,-109.246782295,34.0205644006,75846.0,75717.0,75459.0,75071.0,74555.0,73780.0,73006.0,72231.0,71457.0,70682.0,69907.0,69133.0,68358.0,67584.0,66809.0,66034.0,65260.0,64485.0,63711.0,62936.0,62161.0,61387.0,60612.0,59838.0,59063.0,58288.0,57514.0,56739.0,55965.0,50360.0,46035.0,40942.0,35499.0,29432.0,24332.0,21163.0,19483.0,18757.0,18314.0,17963.0,17412.0,16616.0,15863.0,15075.0,14427.0,12905.0,10266.0,8067.0,6548.0,3285.0,2454.7,2469.4,2498.9,2543.1,2602.4,2691.9,2782.0,2872.9,2964.4,3056.6,3149.6,3243.3,3337.8,3433.0,3529.0,3625.8,3723.4,3821.7,3920.8,4020.8,4121.7,4223.3,4325.9,4429.4,4533.9,4639.4,4745.8,4853.4,4962.1,5784.9,6469.6,7344.3,8379.4,9688.8,10959.8,11857.0,12376.5,12613.0,12762.2,12882.9,13077.9,13369.8,13658.0,13974.8,14249.1,14948.1,16365.9,17827.8,19086.9,23082.8,319.86,319.11,318.76,318.76,318.76,318.76,318.76,318.76,318.76,318.76,318.76,318.76,318.76,318.76,318.76,318.64,318.48,318.28,318.19,318.13,318.01,317.81,317.81,317.81,317.81,317.81,317.81,318.01,318.38,320.0,322.0,325.0,328.0,331.0,334.0,337.0,340.0,343.0,346.0,349.0,352.0,355.0,359.0,365.0,372.0,385.0,400.0,422.0,450.0,500.0,0.00242757,0.00241378,0.00234952,0.00231308,0.00234678,0.002304,0.00232244,0.00229162,0.00232384,0.00226477,0.00227108,0.00223673,0.00223067,0.00219442,0.00219482,0.00215355,0.00183354,0.00152225,0.00136922,0.00132475,0.00131921,0.00133084,0.00133047,0.00146612,0.00602389,0.00569438,0.00537481,0.00512808,0.0049423,0.00330872,0.00237144,0.00148,0.00030072,6.939e-05,1.543e-05,7.43e-06,7.44e-06,9.01e-06,1.028e-05,1.117e-05,1.162e-05,1.178e-05,1.188e-05,1.254e-05,1.388e-05,1.743e-05,3.23e-06,2.67e-06,3.76e-06,4.8e-07,4.6,6.7,5.3,7.5,5.8,8.2,5.9,9.0,6.5,9.3,6.9,9.9,7.7,9.8,7.7,10.2,8.3,10.0,8.5,10.3,9.6,10.1,9.7,10.3,11.1,10.3,10.5,10.8,11.1,10.8,10.5,11.3,11.0,10.5,11.0,9.7,11.1,9.7,10.9,9.7,11.2,9.7,11.5,9.9,12.4,10.9,12.9,11.5,13.3,11.8,13.6,11.5,14.1,11.6,14.4,11.6,13.8,11.6,13.0,11.9,11.5,12.8,11.9,14.9,14.4,16.4,17.0,16.6,20.2,15.0,23.1,13.9,22.2,18.0,21.6,19.0,22.0,18.9,23.1,18.3,26.2,18.9,30.6,21.1,30.8,21.5,29.4,21.1,29.6,20.1,26.6,18.1,19.5,13.9,7.8,11.7,-2.1,15.2,-39.6,-18.1,1.3,1.5,1.5,1.5,1.5,1.4,1.3,1.2,1.2,1.1,1.0,1.0,0.9,0.9,0.8,0.8,0.8
1,20110604,00,05.,-109.298311,34.019075,-109.246782295,34.0205644006,75983.0,75853.0,75594.0,75204.0,74685.0,73906.0,73128.0,72349.0,71570.0,70792.0,70013.0,69234.0,68455.0,67677.0,66898.0,66119.0,65341.0,64562.0,63783.0,63004.0,62226.0,61447.0,60668.0,59890.0,59111.0,58332.0,57553.0,56775.0,55996.0,50250.0,45759.0,40267.0,34308.0,28438.0,23922.0,20857.0,19471.0,18824.0,18409.0,17978.0,17473.0,16920.0,16204.0,15398.0,14660.0,13001.0,10436.0,8059.0,6381.0,3306.0,2454.7,2469.4,2498.9,2543.2,2602.5,2692.1,2782.3,2873.2,2964.8,3057.1,3150.1,3243.9,3338.4,3433.7,3529.7,3626.6,3724.3,3822.8,3922.2,4022.4,4123.5,4225.5,4328.5,4432.4,4537.3,4643.3,4750.3,4858.5,4967.8,5811.9,6525.1,7475.9,8629.5,9927.8,11074.4,11951.8,12383.0,12593.6,12732.8,12880.8,13058.9,13260.2,13530.8,13849.8,14157.9,14913.8,16279.9,17851.8,19255.7,23052.9,318.47,317.85,317.81,317.77,317.74,317.72,317.69,317.67,317.65,317.63,317.61,317.6,317.58,317.57,317.55,317.54,317.53,317.53,317.52,317.52,317.51,317.51,317.51,317.57,317.73,317.92,318.12,318.31,318.5,320.0,322.0,325.0,328.0,331.0,334.0,337.0,340.0,343.0,346.0,349.0,352.0,355.0,359.0,365.0,372.0,385.0,400.0,422.0,450.0,500.0,0.00208805,0.00206429,0.00204179,0.00201683,0.00199198,0.00196364,0.00194041,0.001917,0.00189038,0.00186085,0.00182889,0.00179507,0.00176007,0.00172464,0.0016896,0.00165582,0.0016242,0.00159562,0.00157075,0.00154996,0.00153332,0.00151894,0.00150068,0.00146378,0.00138468,0.00128817,0.00125098,0.00124961,0.00123914,0.00112881,0.00093607,0.00063171,0.00021577,2.286e-05,1.073e-05,6.63e-06,8.59e-06,9.94e-06,1.086e-05,1.181e-05,1.258e-05,1.262e-05,1.244e-05,1.273e-05,1.346e-05,1.537e-05,2.82e-06,2.23e-06,4.03e-06,3.7e-07,5.6,4.9,6.6,5.7,7.4,6.4,8.1,6.9,8.6,7.4,9.1,7.8,9.3,8.1,9.5,8.3,9.7,8.6,9.9,8.8,10.0,9.1,10.1,9.3,10.2,9.6,10.3,9.9,10.4,10.2,10.5,10.5,10.6,10.8,10.7,11.1,10.8,11.4,10.9,11.6,11.0,11.8,11.1,12.0,11.3,12.2,11.8,12.5,12.6,12.7,13.2,12.8,13.3,12.8,13.3,12.9,13.3,12.9,13.4,13.4,11.9,14.0,12.7,15.9,15.0,16.8,17.0,15.6,19.0,14.0,22.0,15.7,22.7,17.8,24.3,18.1,25.7,18.0,27.4,18.0,29.8,18.4,31.1,18.5,30.7,18.2,29.5,17.5,28.8,16.8,24.5,15.9,16.1,13.7,5.0,11.1,-1.3,14.9,-38.3,-16.6,1.4,1.6,1.7,1.8,1.8,1.8,1.8,1.8,1.7,1.7,1.7,1.7,1.6,1.6,1.6,1.6,1.6
2,20110604,00,05.,-109.298311,34.019075,-109.246782295,34.0205644006,-24.2,211.4,451.3,695.8,944.9,1199.0,1458.3,1723.0,1993.5,2270.0,2552.9,2842.6,3139.6,3444.2,3756.8,4077.8,4407.9,4748.0,5099.6,5463.5,5840.1,6232.3,6640.6,7067.8,7514.7,7984.8,8479.2,9002.9,9556.7,10148.6,10781.5,11466.2,12212.6,13047.3,14008.0,15152.2,16529.4,318.0,315.7,313.4,311.1,308.7,306.2,303.7,301.2,298.5,295.9,293.1,290.3,287.4,284.4,281.2,277.8,274.4,271.0,268.2,265.3,262.2,259.4,256.4,253.5,250.3,246.9,243.1,238.9,234.5,229.7,224.5,219.3,214.2,213.8,212.9,213.6,208.2,11.05,11.05,11.05,11.05,11.05,11.05,11.05,11.05,11.053,11.22,11.937,13.563,15.529,17.425,16.663,15.563,20.631,41.254,49.039,55.665,62.318,63.901,64.586,63.869,59.989,48.526,36.522,27.977,19.104,14.635,10.999,9.419,11.359,15.908,17.01,14.991,5.032,4.2,5.6,4.2,5.6,4.2,5.6,4.2,5.6,4.2,5.6,4.2,5.6,4.2,5.6,4.2,5.6,4.4,5.8,5.1,6.7,6.4,8.1,8.1,9.3,9.5,9.9,10.2,10.3,10.5,9.9,11.1,10.0,12.6,11.2,13.7,11.4,13.5,11.5,13.3,11.6,13.1,11.8,12.5,12.3,12.0,13.1,12.3,14.2,12.8,15.2,13.8,15.9,14.9,16.5,15.9,16.7,17.0,16.8,18.5,16.5,20.0,15.8,21.8,15.1,22.1,17.5,26.0,19.0,28.9,20.2,25.4,16.6,18.3,13.1,0.67,0.67,0.67,0.67,0.67,0.67,0.67,0.67,0.67,0.68,0.69,0.63,0.54,0.52,0.58,0.66,0.64,0.58,0.44,0.31,0.17,-0.04,-0.26,-0.52,-0.74,-0.86,-0.94,-0.88,-0.8,-0.66,-0.49,-0.32,-0.17,0.0,0.17,0.3,0.29,100336.0,76900.0,-0.001,320.4,264.7,32.6,4.9,6.9,297.3,0.002422,330.0,0.0,0.0,0.3,1.4,0.0,-99999.0,99999.0,99999.0,99999.0,99999.0,99999.015625,72.0,59400.0,4491.0,66.7,19490.0,340.8,24.4,17.9,16200.0,30.8,21.8,0.0,0.01,0.0,292.5,12.39,6.6,9.2,1.43,289.0,14.54,8.4,10.1,1.15,285.5,16.96,10.4,10.5,0.92,281.7,17.23,10.9,10.5,0.8,277.6,15.91,11.2,9.8,0.72,273.2,61.62,13.1,11.5,0.59,58.0,2455.0,59400.0,4491.0,66.7,0.0,10.4,11.17,0.0,17.2,7.1,3452.0,13.0,-99999.0,-99999.0,60000.0,57513.75,12886.8,10836.0,213.6,116.0,0.0,298.83,5e-05,3645.7,-10.0,-10.0,-10.0,0.35
3,20110604,00,05.,-109.298311,34.019075,-109.246782295,34.0205644006,-3.5,231.5,470.8,714.6,963.1,1216.5,1475.1,1739.1,2008.9,2284.7,2566.9,2855.8,3151.9,3455.6,3767.4,4087.9,4417.7,4757.9,5109.7,5473.7,5850.3,6242.5,6650.6,7077.7,7523.9,7993.6,8487.1,9009.6,9563.3,10153.4,10786.2,11469.9,12215.5,13051.0,14017.3,15166.1,16546.3,317.2,315.0,312.7,310.3,307.9,305.5,303.0,300.4,297.8,295.1,292.3,289.4,286.5,283.5,280.5,277.3,274.2,271.4,268.5,265.4,262.3,259.4,256.4,253.3,250.1,246.5,242.7,238.6,234.1,229.4,224.3,219.1,214.1,214.1,214.6,213.9,208.7,10.322,10.322,10.322,10.322,10.322,10.322,10.322,10.322,10.327,10.486,11.072,12.251,13.597,15.008,16.691,19.039,21.805,22.786,26.574,30.717,34.894,37.984,40.623,41.493,41.268,35.916,29.514,21.878,12.944,7.334,7.376,8.053,12.111,16.614,14.125,12.358,4.984,5.0,5.0,5.0,5.0,5.0,5.0,5.0,5.0,5.3,6.4,8.0,9.3,9.9,10.2,10.5,11.0,12.1,13.3,13.5,13.5,13.5,12.9,12.3,12.6,13.1,13.9,14.9,15.8,16.6,17.7,18.8,20.5,22.5,29.4,28.5,22.8,14.6,4.0,4.0,4.0,4.0,4.0,4.0,4.0,4.0,4.2,5.0,6.3,7.6,8.5,9.4,10.5,11.4,12.1,12.3,12.5,12.7,12.9,13.3,14.0,14.9,15.9,16.4,16.9,16.8,16.4,16.0,15.3,15.7,17.6,18.3,16.4,14.7,12.8,0.56,0.56,0.56,0.56,0.56,0.56,0.56,0.56,0.56,0.61,0.74,0.84,0.87,0.89,0.91,0.89,0.82,0.65,0.44,0.19,-0.06,-0.3,-0.53,-0.71,-0.87,-0.91,-0.92,-0.84,-0.71,-0.56,-0.37,-0.21,-0.09,0.01,0.14,0.15,0.1,100551.0,77050.0,0.011,318.5,262.8,32.8,5.9,5.2,295.7,0.002084,326.9,0.0,0.0,1.8,2.7,0.0,0.0,0.0,0.0,0.0,0.0,0.0,75.0,59100.0,4542.0,21.42,19780.0,339.8,22.9,17.3,16800.0,31.0,18.5,0.0,0.01,0.0,291.8,11.1,8.4,7.3,1.77,288.3,12.59,9.7,8.6,1.74,284.7,14.21,10.2,9.6,1.65,281.1,16.08,10.6,10.7,1.56,277.3,18.78,11.0,11.7,1.44,273.6,21.22,12.2,12.6,1.23,42.0,2455.0,59100.0,4542.0,21.42,0.0,5.3,10.28,0.0,18.0,8.2,2776.0,13.0,-99999.0,-99999.0,60000.0,74555.36,0.0,0.0,213.9,0.0,0.0,295.72,6e-05,3501.1,-10.0,-10.0,-10.0,0.18
4,20110604,00,05.,-109.298311,34.019075,-109.246782295,34.0205644006,75896.0,75767.0,75508.0,75120.0,74603.0,73827.0,73051.0,72275.0,71498.0,70722.0,69946.0,69170.0,68394.0,67618.0,66842.0,66066.0,65289.0,64513.0,63737.0,62961.0,62185.0,61409.0,60633.0,59857.0,59081.0,58304.0,57528.0,56752.0,55976.0,50031.0,44487.0,38532.0,33121.0,28387.0,24524.0,21134.0,19790.0,19056.0,18515.0,17827.0,17253.0,16754.0,16130.0,15367.0,14654.0,12999.0,10434.0,8058.0,6380.0,3306.0,2454.7,2469.4,2498.8,2543.0,2602.1,2691.5,2781.5,2872.2,2963.6,3055.7,3148.5,3242.1,3336.4,3431.5,3527.3,3624.0,3721.5,3819.8,3918.9,4019.0,4119.9,4221.7,4324.4,4428.1,4532.8,4638.5,4745.4,4853.3,4962.4,5837.7,6728.1,7785.9,8863.7,9925.0,10898.1,11855.4,12269.2,12505.6,12685.7,12922.3,13126.6,13309.5,13546.3,13849.4,14147.4,14901.4,16267.6,17838.8,19242.6,23039.8,318.51,317.86,317.78,317.78,317.78,317.78,317.78,317.78,317.78,317.78,317.78,317.78,317.78,317.78,317.78,317.78,317.78,317.78,317.78,317.78,317.78,317.78,317.78,317.78,317.99,318.18,318.41,318.67,318.83,320.0,322.0,325.0,328.0,331.0,334.0,337.0,340.0,343.0,346.0,349.0,352.0,355.0,359.0,365.0,372.0,385.0,400.0,422.0,450.0,500.0,0.00217777,0.00216787,0.00216053,0.00215203,0.00212928,0.00207919,0.00204072,0.00199499,0.00195774,0.00191401,0.0018769,0.00183493,0.00179789,0.0017563,0.0017112,0.00167211,0.00165449,0.00163777,0.00161213,0.00157696,0.00154028,0.00152573,0.00153325,0.00150185,0.00140123,0.00128782,0.00124321,0.0012393,0.00123581,0.00112241,0.0008709,0.00051748,0.0001796,2.294e-05,1.25e-05,7.03e-06,8.13e-06,9.45e-06,1.062e-05,1.204e-05,1.26e-05,1.258e-05,1.247e-05,1.276e-05,1.347e-05,1.536e-05,3.62e-06,2.65e-06,3.12e-06,5e-07,3.4,5.6,4.5,6.2,5.5,6.8,6.0,7.4,7.4,7.8,7.4,8.0,8.4,8.0,8.1,8.4,9.1,8.8,8.6,8.8,9.2,8.9,9.1,9.3,10.1,9.4,9.7,9.7,9.9,10.6,9.7,11.1,10.4,11.1,10.9,10.9,11.0,11.5,11.4,11.9,11.9,12.0,12.1,12.3,11.7,13.1,12.1,13.6,13.1,13.6,13.6,13.3,13.2,13.4,13.2,13.7,13.1,13.6,13.4,13.8,12.2,15.0,13.4,16.7,15.4,16.8,17.2,15.8,19.6,13.7,21.7,14.7,21.6,16.0,22.1,16.2,23.9,16.9,27.2,17.7,30.1,18.1,30.9,18.3,30.4,18.3,29.6,17.3,28.6,16.8,25.0,15.2,16.2,13.3,5.1,10.5,-1.2,14.5,-38.3,-16.7,1.4,1.6,1.7,1.8,1.8,1.8,1.8,1.8,1.7,1.7,1.7,1.7,1.6,1.6,1.6,1.6,1.6
5,20110604,00,05.,-109.298311,34.019075,-109.246782295,34.0205644006,75911.0,75781.0,75523.0,75134.0,74617.0,73840.0,73064.0,72287.0,71510.0,70734.0,69957.0,69181.0,68404.0,67628.0,66851.0,66075.0,65298.0,64521.0,63745.0,62968.0,62192.0,61415.0,60639.0,59862.0,59086.0,58309.0,57532.0,56756.0,55979.0,51054.0,46060.0,39358.0,33545.0,29016.0,24707.0,21403.0,20458.0,19798.0,19255.0,18566.0,17846.0,17274.0,16551.0,15713.0,14914.0,13003.0,10393.0,8036.0,6423.0,3383.0,2454.7,2469.3,2498.7,2542.8,2601.9,2691.1,2781.0,2871.6,2962.8,3054.8,3147.5,3241.0,3335.2,3430.1,3525.9,3622.5,3719.8,3818.1,3917.1,4017.1,4118.0,4219.8,4322.6,4426.4,4531.2,4637.1,4744.0,4852.0,4961.1,5681.3,6467.9,7634.7,8778.4,9781.4,10855.3,11781.6,12067.7,12275.2,12451.0,12681.4,12930.7,13135.9,13404.9,13731.8,14061.0,14925.9,16318.1,17880.6,19228.0,22945.0,316.91,317.07,317.14,317.19,317.21,317.21,317.22,317.22,317.22,317.22,317.23,317.23,317.25,317.27,317.28,317.29,317.31,317.33,317.37,317.45,317.59,317.73,317.88,318.04,318.21,318.38,318.55,318.7,318.87,320.0,322.0,325.0,328.0,331.0,334.0,337.0,340.0,343.0,346.0,349.0,352.0,355.0,359.0,365.0,372.0,385.0,400.0,422.0,450.0,500.0,0.00203144,0.00200092,0.0019783,0.0019571,0.00193612,0.00191036,0.00188647,0.00186253,0.00183747,0.00181006,0.00177903,0.00174431,0.00170773,0.0016763,0.00165361,0.00163377,0.00161158,0.00158421,0.00155471,0.00151546,0.00146773,0.0014012,0.00133649,0.00129968,0.00128613,0.00127016,0.00125266,0.0012307,0.00120709,0.00105844,0.00080957,0.00042672,9.818e-05,2.103e-05,1.063e-05,7.9e-06,8.84e-06,9.79e-06,1.076e-05,1.298e-05,1.393e-05,1.384e-05,1.35e-05,1.348e-05,1.373e-05,1.42e-05,2.79e-06,2.18e-06,3.79e-06,2.6e-07,3.0,2.9,4.1,3.8,4.8,4.5,5.5,5.0,6.1,5.4,6.7,5.9,7.1,6.2,7.4,6.6,7.7,6.9,7.9,7.3,8.1,7.7,8.3,8.2,8.5,9.0,8.7,9.8,9.0,10.5,9.3,11.2,9.9,12.2,10.5,13.0,11.2,13.8,11.8,14.3,12.2,14.8,12.8,14.8,13.3,14.8,13.5,14.8,13.5,14.8,13.7,14.7,13.8,14.7,13.8,14.7,13.8,14.8,13.9,15.0,12.6,15.8,13.6,17.1,15.5,16.6,17.1,15.5,17.8,13.7,19.7,14.3,20.5,15.2,22.5,16.1,25.8,16.9,29.4,17.3,30.6,16.6,30.9,16.4,30.5,16.1,29.8,15.3,28.0,15.3,23.9,16.5,14.4,15.1,5.3,10.4,1.2,11.0,-38.7,-15.1,0.4,0.6,0.8,0.9,0.9,1.0,1.0,1.0,1.0,1.0,1.0,1.0,1.1,1.1,1.1,1.1,1.1
6,20110604,00,05.,-109.298311,34.019075,-109.246782295,34.0205644006,-13.3,221.7,461.0,704.8,953.3,1206.7,1465.3,1729.3,1999.1,2274.9,2557.1,2846.1,3142.3,3446.2,3758.3,4079.1,4409.2,4749.7,5101.7,5465.9,5842.8,6234.8,6642.3,7068.4,7514.0,7981.7,8474.9,8995.5,9549.1,10139.1,10772.2,11457.2,12203.9,13040.3,14004.9,15153.6,16533.8,317.2,314.9,312.6,310.3,307.9,305.4,302.9,300.4,297.7,295.1,292.3,289.5,286.6,283.7,280.7,277.6,274.4,271.6,268.7,265.5,262.3,259.2,256.0,252.7,249.4,245.9,242.2,238.2,234.0,229.4,224.6,219.3,214.7,213.4,214.5,213.9,208.7,10.79,10.79,10.79,10.79,10.79,10.79,10.79,10.79,10.796,11.005,11.646,12.751,13.88,15.103,16.755,18.978,21.881,22.274,26.122,30.566,35.088,38.672,42.202,43.472,43.516,41.0,33.67,25.496,14.739,7.86,7.586,8.103,11.459,17.989,14.309,12.369,4.984,2.9,4.6,2.9,4.6,2.9,4.6,2.9,4.6,2.9,4.6,2.9,4.6,2.9,4.6,3.0,4.6,3.3,4.8,4.6,5.4,6.5,6.5,8.2,7.6,9.2,8.4,9.8,9.5,10.6,10.6,11.6,11.8,12.5,12.9,13.3,13.0,13.3,13.1,13.5,13.2,13.5,13.4,13.2,13.9,12.7,14.6,12.8,15.4,13.3,16.2,14.0,16.8,14.9,17.0,15.9,17.0,16.8,16.5,18.0,15.9,19.5,14.8,20.9,15.0,21.7,16.4,28.8,17.9,28.5,16.4,23.3,14.1,14.7,12.4,0.56,0.56,0.56,0.56,0.56,0.56,0.56,0.56,0.56,0.6,0.74,0.84,0.87,0.9,0.91,0.89,0.83,0.64,0.44,0.21,-0.03,-0.22,-0.43,-0.6,-0.77,-0.89,-0.92,-0.89,-0.73,-0.55,-0.33,-0.18,-0.08,0.0,0.15,0.15,0.1,100430.0,76960.0,0.003,318.6,263.3,32.2,3.8,5.8,295.6,0.002173,327.2,0.0,0.0,1.8,2.5,0.0,-99999.0,99999.0,99999.0,99999.0,99999.0,99999.015625,79.0,58900.0,4559.0,21.22,19830.0,340.6,22.1,15.9,16700.0,30.8,18.3,0.0,0.01,0.0,291.7,11.81,6.9,7.6,1.77,288.3,13.0,8.7,8.6,1.73,284.8,14.4,9.6,9.5,1.64,281.2,16.22,10.3,11.0,1.57,277.4,18.82,11.6,12.0,1.44,273.7,21.25,12.7,13.4,1.22,40.0,2455.0,58900.0,4559.0,21.22,0.0,5.4,10.76,0.0,17.6,8.2,2643.0,13.0,-99999.0,-99999.0,60000.0,74473.53,0.0,0.0,214.5,0.0,0.0,295.56,6e-05,3512.5,-10.0,-10.0,-10.0,0.19
7,20110604,00,05.,-109.298311,34.019075,-109.246782295,34.0205644006,23.3,252.5,486.5,725.4,969.5,1219.0,1474.3,1735.6,2003.3,2277.7,2559.0,2847.4,3143.1,3446.5,3758.1,4078.6,4408.7,4749.3,5101.4,5465.6,5842.9,6235.3,6643.6,7070.7,7516.4,7985.1,8478.5,8999.6,9553.2,10144.1,10777.2,11462.4,12211.5,13055.8,14027.6,15179.5,16558.8,309.5,307.9,306.3,304.6,302.9,301.2,299.4,297.6,295.7,293.7,291.5,289.0,286.1,283.3,280.3,277.4,274.6,271.7,268.8,265.7,262.6,259.6,256.4,253.2,249.8,246.2,242.4,238.4,234.2,229.6,224.7,219.5,216.4,215.2,216.0,213.9,208.5,11.27,11.27,11.27,11.27,11.27,11.27,11.27,11.27,11.27,11.284,11.532,12.349,13.526,14.668,16.433,18.09,18.799,21.127,23.868,26.976,29.744,31.705,33.082,32.677,32.207,27.283,19.579,12.816,7.738,5.766,6.002,7.764,10.969,15.899,12.323,11.438,4.987,2.8,2.8,2.8,2.8,2.8,2.8,2.8,2.8,3.1,4.3,5.9,7.5,8.1,8.6,9.6,11.0,12.5,13.1,13.3,13.5,13.6,13.2,12.9,13.3,13.8,14.5,15.3,16.1,17.0,17.7,18.1,19.2,22.5,30.5,27.6,21.9,13.3,1.9,1.9,1.9,1.9,1.9,1.9,1.9,1.9,2.1,2.7,3.9,5.4,7.0,9.2,11.9,13.7,14.1,14.2,14.3,14.4,14.7,15.1,15.7,16.2,16.8,17.0,17.0,16.7,16.3,15.8,14.9,15.0,16.6,16.3,14.7,15.3,13.9,0.32,0.32,0.32,0.32,0.32,0.32,0.32,0.32,0.32,0.38,0.54,0.73,0.85,0.93,0.99,1.01,0.95,0.81,0.64,0.46,0.27,0.11,-0.05,-0.14,-0.24,-0.27,-0.26,-0.23,-0.18,-0.12,-0.05,0.01,0.05,0.08,0.1,0.12,0.13,100492.0,76980.0,0.011,316.1,262.2,31.1,3.4,3.2,293.4,0.002027,324.3,0.0,0.0,3.5,3.9,0.0,0.0,0.0,0.0,0.0,0.0,0.0,118.0,58700.0,4583.0,19.72,20940.0,338.9,20.0,15.0,17300.0,30.8,16.4,0.0,0.01,0.0,291.2,11.19,6.0,5.4,0.88,287.8,12.6,7.7,7.0,0.99,284.3,14.14,8.5,9.0,1.06,280.8,16.18,9.9,12.0,1.07,277.3,17.95,12.1,14.5,1.02,273.9,19.13,13.5,14.8,0.84,57.0,2455.0,58700.0,4583.0,19.72,0.0,4.9,10.97,0.0,17.6,8.7,1514.0,10.0,-99999.0,-99999.0,60000.0,46059.73,0.0,0.0,216.8,0.0,0.0,291.95,6e-05,3462.7,-10.0,-10.0,-10.0,0.17
8,20110604,00,05.,-109.298311,34.019075,-109.246782295,34.0205644006,75907.0,75778.0,75519.0,75131.0,74613.0,73837.0,73060.0,72284.0,71507.0,70731.0,69955.0,69178.0,68402.0,67625.0,66849.0,66072.0,65296.0,64520.0,63743.0,62967.0,62190.0,61414.0,60637.0,59861.0,59084.0,58308.0,57532.0,56755.0,55979.0,50043.0,44903.0,38866.0,33987.0,29246.0,24486.0,21511.0,20252.0,19393.0,18684.0,17999.0,17477.0,17009.0,16418.0,15650.0,14894.0,12991.0,10386.0,8033.0,6420.0,3381.0,2454.7,2469.4,2498.8,2543.0,2602.2,2691.6,2781.6,2872.3,2963.8,3055.9,3148.8,3242.4,3336.8,3431.9,3527.8,3624.5,3722.0,3820.4,3919.6,4019.7,4120.6,4222.5,4325.3,4429.1,4533.9,4639.8,4746.7,4854.8,4963.9,5837.7,6660.5,7726.0,8686.2,9728.2,10914.6,11750.2,12132.2,12405.0,12638.6,12872.7,13056.9,13226.9,13448.4,13749.5,14061.8,14924.0,16314.0,17874.3,19222.6,22940.0,317.72,317.85,317.82,317.82,317.82,317.82,317.82,317.82,317.82,317.82,317.82,317.82,317.82,317.82,317.82,317.82,317.82,317.82,317.82,317.82,317.82,317.82,317.92,318.0,318.21,318.55,318.78,318.78,318.79,320.0,322.0,325.0,328.0,331.0,334.0,337.0,340.0,343.0,346.0,349.0,352.0,355.0,359.0,365.0,372.0,385.0,400.0,422.0,450.0,500.0,0.00205027,0.00208214,0.00212104,0.00224302,0.00233916,0.00237483,0.00236907,0.00233217,0.00227578,0.00220876,0.00213703,0.00206376,0.00199201,0.00192824,0.00187587,0.00182889,0.00178306,0.00173407,0.00167928,0.00160801,0.00152714,0.00144901,0.00140107,0.0013785,0.00137688,0.00137505,0.0013559,0.00131301,0.00127365,0.00104591,0.00076692,0.00040899,0.00012752,2.581e-05,1.054e-05,8.01e-06,9.14e-06,1.051e-05,1.26e-05,1.373e-05,1.387e-05,1.372e-05,1.35e-05,1.35e-05,1.374e-05,1.415e-05,3.51e-06,2.59e-06,3.26e-06,6e-07,4.1,2.4,5.0,3.6,5.6,4.5,6.0,5.2,6.1,5.6,6.4,6.2,6.8,6.1,7.4,6.5,7.5,6.8,7.9,6.9,8.0,7.2,8.2,7.6,8.4,8.6,9.0,10.0,9.4,11.0,9.6,11.7,10.1,12.9,10.6,13.8,11.5,14.7,11.9,15.2,12.4,15.4,12.8,15.4,13.4,15.2,13.8,14.8,14.1,14.5,13.9,14.4,13.7,14.7,13.9,14.9,13.8,14.9,13.9,14.8,13.4,15.2,14.9,16.3,16.8,16.3,18.3,16.4,19.2,15.6,21.5,15.7,21.4,16.4,21.1,16.1,25.5,16.8,28.1,16.4,29.2,16.2,29.6,16.1,29.4,16.0,28.1,15.9,26.7,15.5,22.2,17.1,13.7,14.4,4.6,10.6,0.9,11.0,-38.7,-15.1,0.4,0.6,0.8,0.9,0.9,1.0,1.0,1.0,1.0,1.0,1.0,1.0,1.1,1.1,1.1,1.1,1.1
9,20110604,00,05.,-109.298311,34.019075,-109.246782295,34.0205644006,75977.0,75848.0,75588.0,75199.0,74680.0,73901.0,73123.0,72344.0,71566.0,70787.0,70009.0,69230.0,68451.0,67673.0,66894.0,66116.0,65337.0,64559.0,63780.0,63002.0,62223.0,61445.0,60666.0,59887.0,59109.0,58330.0,57552.0,56773.0,55995.0,50007.0,45226.0,38728.0,34000.0,29607.0,24647.0,21818.0,20512.0,19583.0,18665.0,17800.0,17178.0,16687.0,16089.0,15327.0,14642.0,12901.0,10414.0,8292.0,6817.0,3470.0,2454.7,2469.2,2498.5,2542.6,2601.7,2691.0,2780.9,2871.5,2962.9,3054.9,3147.8,3241.3,3335.7,3430.8,3526.8,3623.6,3721.3,3819.9,3919.3,4019.7,4120.9,4223.0,4326.1,4430.2,4535.3,4641.4,4748.6,4856.8,4966.1,5847.6,6611.3,7756.5,8688.1,9649.3,10877.4,11665.9,12058.4,12351.2,12653.0,12949.5,13171.4,13352.2,13579.7,13882.4,14169.4,14964.7,16294.0,17685.0,18878.4,22842.4,313.52,315.18,315.98,316.56,316.76,316.76,316.8,316.81,316.86,316.91,316.98,317.03,317.11,317.25,317.43,317.61,317.73,317.81,317.86,317.88,317.92,318.0,318.1,318.21,318.26,318.31,318.41,318.59,318.75,320.0,322.0,325.0,328.0,331.0,334.0,337.0,340.0,343.0,346.0,349.0,352.0,355.0,359.0,365.0,372.0,385.0,400.0,422.0,450.0,500.0,0.00221934,0.00213864,0.00214077,0.00224702,0.00239034,0.00241117,0.0023631,0.00224163,0.00210184,0.00201579,0.00197964,0.00196065,0.00195325,0.00193922,0.00191954,0.00189738,0.00185247,0.00180541,0.00176819,0.00173089,0.00170417,0.0016533,0.00160524,0.0015713,0.00152048,0.00147741,0.00142987,0.00139305,0.00134749,0.0010004,0.0007385,0.00034883,0.0001008,2.824e-05,9.95e-06,8.12e-06,9.37e-06,1.005e-05,1.195e-05,1.424e-05,1.504e-05,1.502e-05,1.464e-05,1.391e-05,1.344e-05,1.206e-05,2.56e-06,2.13e-06,3.9e-06,2.7e-07,1.6,1.8,3.1,2.2,4.1,2.2,5.5,2.5,7.2,3.2,7.9,3.7,7.8,3.8,7.9,4.3,7.8,5.0,7.9,6.0,8.2,7.6,8.7,8.9,9.2,10.4,9.3,11.6,9.1,12.8,8.9,13.9,8.7,14.4,8.7,14.7,8.9,15.0,9.6,15.0,10.2,15.3,10.6,15.4,11.1,15.6,11.2,15.8,11.5,15.8,11.9,15.7,12.1,15.6,12.1,15.6,12.1,15.6,12.9,15.4,13.2,15.5,14.1,16.5,15.8,16.5,16.9,16.8,17.2,16.7,19.2,15.9,20.3,16.5,22.3,17.4,27.4,16.8,29.4,15.6,29.1,14.9,29.0,14.8,28.7,14.8,27.2,15.1,25.3,15.3,20.8,18.3,13.8,16.5,6.4,11.1,2.3,8.5,-39.6,-11.9,0.4,0.6,0.6,0.7,0.9,1.0,1.0,1.0,1.0,1.0,1.0,1.1,1.1,1.1,1.1,1.1,1.1
10,20110604,00,05.,-109.298311,34.019075,-109.246782295,34.0205644006,11.2,242.2,477.8,718.2,963.7,1214.6,1471.0,1733.3,2001.9,2277.0,2558.9,2847.8,3144.0,3447.8,3759.8,4080.5,4410.7,4751.4,5103.6,5467.8,5844.6,6236.6,6644.2,7070.6,7516.3,7984.2,8477.5,8999.4,9553.0,10144.4,10777.2,11462.2,12210.7,13049.6,14019.2,15170.7,16549.8,312.1,310.3,308.5,306.6,304.7,302.8,300.8,298.8,296.7,294.5,292.1,289.4,286.6,283.6,280.6,277.6,274.6,271.9,268.7,265.6,262.3,259.2,256.1,252.9,249.5,246.1,242.5,238.5,234.3,229.6,224.6,219.5,215.5,214.1,215.8,213.9,208.5,10.864,10.864,10.864,10.864,10.864,10.864,10.864,10.864,10.872,11.236,12.522,14.661,15.845,16.487,17.737,18.855,19.861,22.537,25.321,28.441,31.623,33.598,35.426,34.857,33.557,29.319,21.223,14.335,8.431,6.403,6.282,7.772,12.228,18.323,12.532,11.504,4.988,3.8,1.5,3.8,1.5,3.8,1.5,3.8,1.5,3.8,1.5,3.8,1.5,3.8,1.5,3.8,1.5,4.1,1.6,4.9,2.4,6.1,3.7,7.4,5.1,8.1,6.8,8.8,9.5,9.8,12.6,11.1,14.3,12.8,14.2,13.2,14.2,13.3,14.3,13.5,14.3,13.7,14.4,13.7,14.6,13.7,15.0,14.2,15.4,14.9,16.0,15.7,16.4,16.6,16.5,17.5,16.7,18.3,16.8,19.0,16.9,19.4,16.7,20.8,16.5,21.3,17.0,28.9,16.1,26.3,14.9,20.4,15.7,12.6,13.3,0.32,0.32,0.32,0.32,0.32,0.32,0.32,0.32,0.32,0.38,0.54,0.73,0.85,0.94,0.99,1.0,0.95,0.82,0.66,0.5,0.34,0.18,0.02,-0.1,-0.22,-0.28,-0.26,-0.23,-0.18,-0.12,-0.06,0.0,0.05,0.08,0.08,0.11,0.12,100460.0,76980.0,0.011,317.1,262.5,31.7,4.4,2.8,294.2,0.002046,325.3,0.0,0.0,2.7,2.5,0.0,-99999.0,99999.0,99999.0,99999.0,99999.0,99999.015625,136.0,58700.0,4593.0,21.2,20260.0,340.5,21.5,16.2,17000.0,29.5,16.1,0.0,0.01,0.0,291.7,12.87,6.1,5.5,0.9,288.3,15.06,7.6,6.7,1.0,284.8,15.99,8.5,8.8,1.06,281.2,17.42,10.1,12.7,1.1,277.5,18.6,12.3,15.2,1.01,274.0,20.36,13.8,14.7,0.82,71.0,2455.0,58700.0,4593.0,21.2,0.0,5.4,10.58,0.0,17.5,8.0,2082.0,13.0,-99999.0,-99999.0,60000.0,72283.91,0.0,0.0,215.8,0.0,0.0,292.33,5e-05,3547.6,-10.0,-10.0,-10.0,0.19
11,20110604,00,05.,-109.298311,34.019075,-109.246782295,34.0205644006,38.2,266.3,499.1,737.0,980.1,1228.7,1483.2,1743.8,2010.9,2284.8,2565.7,2853.8,3149.3,3452.6,3764.4,4085.1,4415.4,4756.0,5108.0,5472.1,5848.9,6241.0,6648.9,7075.9,7521.6,7989.5,8482.7,9004.6,9558.4,10150.2,10783.1,11468.2,12217.6,13056.3,14021.1,15169.0,16548.4,307.4,306.0,304.5,303.0,301.5,299.9,298.3,296.7,295.0,293.1,291.0,288.6,285.9,283.2,280.6,277.6,274.7,271.6,268.6,265.5,262.3,259.3,256.2,253.0,249.6,246.0,242.5,238.6,234.4,229.7,224.6,219.6,215.9,213.3,214.5,213.7,208.8,14.401,14.401,14.401,14.401,14.401,14.401,14.401,14.401,14.393,14.273,14.509,15.271,15.479,17.037,18.751,20.742,22.777,24.892,26.685,28.391,30.111,31.218,32.136,30.936,29.488,25.386,17.505,11.74,7.625,6.339,5.791,7.401,11.722,21.676,14.988,10.54,4.979,1.7,1.7,1.7,1.7,1.7,1.7,1.7,1.7,2.2,3.8,5.7,7.2,7.5,7.9,8.0,8.8,10.0,11.1,11.7,12.2,12.8,13.1,13.4,13.8,14.2,14.8,15.8,16.5,17.1,17.6,17.7,19.0,21.9,29.0,25.4,19.2,12.7,0.5,0.5,0.5,0.5,0.5,0.5,0.5,0.5,0.5,1.0,1.9,3.3,6.2,9.9,12.8,13.8,14.6,14.7,14.8,14.9,15.1,15.2,15.4,15.8,16.3,16.6,16.8,17.1,17.3,17.5,17.4,16.9,17.7,15.1,14.6,17.1,15.2,0.3,0.3,0.3,0.3,0.3,0.3,0.3,0.3,0.3,0.32,0.47,0.65,0.68,0.73,0.8,0.84,0.75,0.58,0.39,0.2,0.01,-0.14,-0.28,-0.39,-0.49,-0.57,-0.61,-0.61,-0.58,-0.49,-0.38,-0.26,-0.2,-0.14,0.0,0.09,0.11,100584.0,77060.0,0.016,311.6,262.4,26.8,2.1,1.9,289.2,0.002214,320.2,0.0,0.0,5.3,3.2,0.0,0.0,0.0,0.0,0.0,0.0,0.0,102.0,58700.0,4585.0,23.14,21000.0,339.1,19.9,16.4,17900.0,29.3,15.5,0.0,0.01,0.0,290.5,14.0,6.5,3.1,0.86,287.5,14.83,7.9,5.3,0.99,284.3,16.2,9.0,10.3,1.07,281.2,18.18,8.8,14.1,1.11,277.6,20.32,9.9,15.2,1.09,274.1,22.56,11.4,15.7,0.85,51.0,2455.0,58700.0,4585.0,23.14,0.0,5.5,14.57,0.0,17.3,9.0,0.0,3.0,-99999.0,-99999.0,59487.0,72344.17,0.0,0.0,217.1,0.0,0.0,288.1,5e-05,3531.3,-10.0,-10.0,-10.0,0.19
12,20110604,00,05.,-109.298311,34.019075,-109.246782295,34.0205644006,75971.0,75841.0,75581.0,75192.0,74673.0,73895.0,73117.0,72338.0,71560.0,70782.0,70003.0,69225.0,68447.0,67668.0,66890.0,66112.0,65333.0,64555.0,63777.0,62998.0,62220.0,61442.0,60663.0,59885.0,59107.0,58328.0,57550.0,56772.0,55993.0,49748.0,44604.0,38108.0,33249.0,28605.0,24061.0,21624.0,20396.0,19461.0,18585.0,17694.0,17049.0,16583.0,16033.0,15304.0,14642.0,12905.0,10417.0,8293.0,6817.0,3470.0,2454.7,2469.2,2498.5,2542.6,2601.7,2691.0,2781.0,2871.8,2963.2,3055.4,3148.3,3241.9,3336.3,3431.5,3527.6,3624.6,3722.4,3821.1,3920.6,4021.0,4122.3,4224.5,4327.8,4431.9,4537.1,4643.3,4750.4,4858.7,4968.0,5889.2,6716.4,7873.6,8844.2,9880.9,11029.8,11717.4,12088.5,12384.2,12673.2,12980.2,13211.0,13383.4,13593.4,13883.6,14160.8,14954.7,16284.5,17676.4,18870.5,22835.0,313.75,315.4,316.2,316.66,316.9,317.04,317.17,317.19,317.21,317.31,317.34,317.34,317.37,317.6,317.93,318.16,318.16,318.16,318.16,318.16,318.17,318.45,318.54,318.54,318.54,318.54,318.54,318.56,318.85,320.0,322.0,325.0,328.0,331.0,334.0,337.0,340.0,343.0,346.0,349.0,352.0,355.0,359.0,365.0,372.0,385.0,400.0,422.0,450.0,500.0,0.00223887,0.00214261,0.00213251,0.00221093,0.00232203,0.00231956,0.00225607,0.00212771,0.00198623,0.00189772,0.00185649,0.00183214,0.0018184,0.00179756,0.0017718,0.00174476,0.0016984,0.00164961,0.0016065,0.00156404,0.00154166,0.00151291,0.00148943,0.00146327,0.00140327,0.00135134,0.0012944,0.00121576,0.00113076,0.00089131,0.0006633,0.0003056,8.681e-05,2.453e-05,9.56e-06,8.3e-06,9.45e-06,1.03e-05,1.216e-05,1.437e-05,1.503e-05,1.495e-05,1.459e-05,1.389e-05,1.344e-05,1.206e-05,3.58e-06,3.25e-06,4.98e-06,7.4e-07,1.8,3.5,3.3,3.6,4.3,3.4,5.5,3.2,7.3,3.8,7.6,4.1,7.7,4.4,7.8,5.1,7.5,6.0,7.6,7.0,8.0,8.5,8.8,9.8,9.3,11.2,9.5,12.3,9.3,13.7,9.2,14.9,9.0,15.5,9.1,16.0,9.7,16.4,10.5,16.7,11.0,17.2,11.2,17.6,11.6,17.9,11.8,17.8,11.9,17.4,11.7,16.8,12.0,16.2,12.2,15.7,11.9,15.5,12.7,15.1,13.1,16.0,14.0,17.4,15.9,16.7,17.9,16.8,18.6,17.0,20.1,16.8,21.3,17.0,24.9,15.3,31.4,14.0,32.7,13.9,30.6,14.5,29.4,14.9,28.7,14.9,27.1,15.2,25.4,16.0,21.0,18.9,13.5,17.1,5.8,11.3,2.0,8.6,-39.6,-11.9,0.4,0.6,0.6,0.7,0.9,1.0,1.0,1.0,1.0,1.0,1.0,1.1,1.1,1.1,1.1,1.1,1.1
13,20110604,00,05.,-109.298311,34.019075,-109.246782295,34.0205644006,76056.0,75926.0,75666.0,75275.0,74755.0,73974.0,73193.0,72412.0,71631.0,70850.0,70069.0,69288.0,68507.0,67726.0,66946.0,66165.0,65384.0,64603.0,63822.0,63041.0,62260.0,61479.0,60698.0,59917.0,59136.0,58356.0,57575.0,56794.0,56013.0,49571.0,44793.0,37963.0,33374.0,28837.0,24201.0,21710.0,20339.0,19516.0,18895.0,18220.0,17545.0,16939.0,16248.0,15359.0,14586.0,12752.0,10186.0,8291.0,6966.0,3506.0,2454.7,2469.1,2498.2,2542.2,2601.3,2690.5,2780.5,2871.2,2962.7,3054.9,3148.0,3241.9,3336.7,3432.3,3528.7,3625.9,3724.0,3823.0,3922.8,4023.5,4125.1,4227.6,4331.1,4435.5,4540.9,4647.3,4754.7,4863.2,4972.9,5924.1,6692.1,7908.7,8825.2,9834.0,11000.4,11700.8,12114.7,12375.0,12578.5,12807.3,13044.0,13264.2,13524.5,13876.6,14200.4,15043.0,16431.0,17683.4,18747.6,22796.1,310.96,312.27,314.09,315.53,315.7,316.0,316.28,316.49,316.72,316.91,317.2,317.57,317.81,317.94,318.01,318.1,318.18,318.25,318.28,318.28,318.28,318.28,318.28,318.27,318.28,318.31,318.44,318.59,318.72,320.0,322.0,325.0,328.0,331.0,334.0,337.0,340.0,343.0,346.0,349.0,352.0,355.0,359.0,365.0,372.0,385.0,400.0,422.0,450.0,500.0,0.00231388,0.00227354,0.0022718,0.0024067,0.00244034,0.0023514,0.00213154,0.00199781,0.00198251,0.00200682,0.00202196,0.00203788,0.00203987,0.0020331,0.00203245,0.00202315,0.00201203,0.00196726,0.00184645,0.00182378,0.00180538,0.00178402,0.001764,0.00174015,0.00167966,0.00139405,0.00132958,0.00131467,0.00125402,0.00087472,0.00066336,0.00027944,6.229e-05,2.223e-05,9e-06,7.81e-06,8.32e-06,8.77e-06,1.035e-05,1.355e-05,1.656e-05,1.757e-05,1.771e-05,1.672e-05,1.519e-05,1.092e-05,2.65e-06,2.64e-06,5.59e-06,5e-07,2.8,2.3,4.4,2.9,6.5,2.6,8.9,1.9,9.6,1.9,9.2,2.4,8.8,3.2,8.8,4.7,9.1,6.7,9.4,8.7,9.2,10.4,8.6,11.8,7.7,12.9,7.0,13.6,6.4,14.1,5.8,14.4,5.4,15.0,5.1,15.3,4.8,15.6,4.9,15.7,5.1,15.7,5.5,15.6,6.0,15.5,6.6,15.4,7.4,15.3,8.0,15.4,8.2,15.5,8.3,15.6,8.7,15.6,11.5,15.4,13.0,16.1,14.5,17.3,15.4,16.2,16.6,16.0,16.6,16.9,17.3,18.3,20.0,18.8,23.4,17.9,26.8,16.9,28.8,16.3,28.4,16.2,27.1,16.6,26.6,16.7,25.7,17.3,24.2,18.1,19.8,21.2,15.1,19.0,8.1,10.8,3.2,5.8,-39.5,-9.2,0.6,0.8,0.9,1.0,1.0,1.0,0.9,1.0,1.1,1.2,1.3,1.3,1.4,1.4,1.4,1.5,1.5
14,20110604,00,05.,-109.298311,34.019075,-109.246782295,34.0205644006,36.6,264.7,497.7,735.6,978.9,1227.6,1482.2,1742.9,2010.1,2284.1,2565.3,2853.6,3149.5,3453.2,3765.3,4086.5,4417.1,4757.9,5110.0,5474.2,5851.0,6243.0,6650.6,7077.0,7522.7,7989.8,8482.9,9003.5,9557.0,10147.1,10779.9,11463.8,12212.4,13050.2,14013.8,15161.8,16541.2,307.5,306.1,304.6,303.1,301.6,300.0,298.4,296.8,295.1,293.2,291.2,288.9,286.3,283.6,281.0,278.0,275.0,271.7,268.7,265.6,262.3,259.2,256.0,252.8,249.3,245.8,242.1,238.2,234.0,229.4,224.4,219.4,215.6,213.0,214.5,213.7,208.8,14.321,14.321,14.321,14.321,14.321,14.321,14.321,14.321,14.308,14.064,13.977,14.299,14.234,15.429,16.74,18.446,20.703,22.18,22.62,24.899,27.238,29.015,30.773,30.116,28.636,25.948,19.016,12.794,9.237,6.987,6.496,7.787,12.169,22.516,15.114,10.512,4.979,1.8,2.1,1.8,2.1,1.8,2.1,1.8,2.1,1.8,2.1,1.8,2.1,1.8,2.1,1.8,2.1,2.3,2.1,3.8,2.2,5.6,2.8,7.0,4.2,7.5,7.0,8.1,10.8,8.5,14.1,9.5,15.8,10.5,16.4,11.0,15.2,11.5,14.7,12.1,14.8,12.6,14.8,13.0,15.2,13.3,15.7,13.6,16.3,14.0,16.9,14.5,17.4,15.5,17.3,16.5,17.2,17.6,17.3,18.5,17.5,18.8,17.6,19.8,17.6,23.5,16.7,31.2,14.4,25.4,15.0,19.3,17.8,12.4,15.7,0.29,0.29,0.29,0.29,0.29,0.29,0.29,0.29,0.29,0.31,0.46,0.65,0.68,0.74,0.8,0.83,0.76,0.58,0.39,0.21,0.03,-0.11,-0.25,-0.36,-0.46,-0.55,-0.59,-0.62,-0.6,-0.54,-0.42,-0.29,-0.21,-0.14,0.0,0.07,0.1,100543.0,77060.0,0.015,311.7,262.5,26.8,2.3,3.5,289.3,0.002234,320.4,0.0,0.0,5.3,3.2,0.0,-99999.0,99999.0,99999.0,99999.0,99999.0,99999.015625,92.0,58600.0,4611.0,21.02,20830.0,339.2,20.5,16.8,18000.0,32.6,14.4,0.0,0.01,0.0,290.7,13.43,6.5,3.8,0.85,287.9,13.7,7.7,6.2,1.0,284.6,14.77,9.1,11.0,1.09,281.6,16.21,9.2,15.2,1.1,278.0,18.08,10.7,17.0,1.07,274.3,20.42,11.8,17.4,0.84,44.0,2455.0,58600.0,4611.0,21.02,0.0,5.1,14.51,0.0,17.3,9.7,0.0,4.0,-99999.0,-99999.0,60000.0,72338.31,0.0,0.0,216.7,0.0,0.0,288.12,4e-05,3543.6,-10.0,-10.0,-10.0,0.17
15,20110604,00,05.,-109.298311,34.019075,-109.246782295,34.0205644006,55.1,282.3,514.4,751.4,993.7,1241.5,1495.1,1754.8,2020.9,2293.9,2574.0,2861.6,3156.8,3460.4,3772.5,4093.6,4424.0,4764.6,5116.6,5480.7,5857.5,6249.5,6657.3,7084.3,7530.0,7997.1,8490.2,9011.0,9564.5,10154.9,10787.8,11471.7,12220.2,13060.7,14028.1,15173.0,16547.6,306.3,304.8,303.4,301.9,300.4,298.8,297.2,295.6,293.9,292.1,290.2,288.2,286.0,283.7,280.9,277.9,274.7,271.6,268.6,265.5,262.3,259.2,256.2,252.9,249.4,245.7,242.2,238.3,234.1,229.5,224.4,219.4,215.6,214.3,214.5,213.2,207.8,17.221,17.221,17.221,17.221,17.221,17.221,17.221,17.221,17.197,16.754,15.98,14.6,15.237,17.199,19.643,21.738,24.853,24.044,25.319,26.266,27.211,28.278,29.564,28.315,26.654,23.749,15.472,8.997,7.12,6.092,5.819,7.228,10.583,21.537,17.486,10.692,5.052,2.0,2.0,2.0,2.0,2.0,2.0,2.0,2.0,2.7,4.7,6.8,7.7,7.8,7.2,6.4,6.0,6.6,7.8,8.9,10.2,11.4,12.4,13.2,13.6,14.1,14.6,15.2,15.9,16.5,17.0,16.9,17.4,22.0,28.0,24.3,18.7,14.4,0.6,0.6,0.6,0.6,0.6,0.6,0.6,0.6,0.6,0.5,1.1,3.6,7.7,11.3,13.5,14.6,14.6,14.3,14.5,14.7,15.0,15.4,15.8,16.3,16.8,17.2,16.9,16.6,16.7,17.1,17.4,18.5,18.7,16.5,17.2,20.1,17.8,0.43,0.43,0.43,0.43,0.43,0.43,0.43,0.43,0.43,0.42,0.54,0.72,0.81,0.93,1.02,1.08,1.02,0.8,0.58,0.39,0.2,0.09,0.02,-0.03,-0.08,-0.12,-0.14,-0.15,-0.14,-0.13,-0.09,-0.05,-0.01,0.06,0.09,0.09,0.04,100689.0,77150.0,0.02,309.0,262.9,24.0,3.4,2.5,286.9,0.002309,317.9,0.0,0.0,6.7,2.9,0.0,0.0,0.0,0.0,0.0,0.0,0.0,62.0,58700.0,4595.0,23.62,20860.0,339.2,18.5,18.5,18100.0,28.7,16.3,0.0,0.01,0.0,289.6,14.88,8.4,2.4,0.94,287.5,14.13,9.1,6.9,1.11,284.9,16.25,7.8,12.6,1.35,281.6,18.93,5.6,14.8,1.48,278.0,21.05,5.1,15.6,1.49,274.2,23.85,7.0,15.4,1.22,31.0,2455.0,58700.0,4595.0,23.62,0.0,5.4,17.62,0.0,16.0,9.7,0.0,4.0,-99999.0,-99999.0,56384.0,66164.6,0.0,0.0,216.8,0.0,0.0,285.97,5e-05,3609.7,-10.0,-10.0,-10.0,0.19
16,20110604,00,05.,-109.298311,34.019075,-109.246782295,34.0205644006,76051.0,75920.0,75660.0,75270.0,74749.0,73969.0,73188.0,72407.0,71626.0,70846.0,70065.0,69284.0,68503.0,67723.0,66942.0,66161.0,65381.0,64600.0,63819.0,63038.0,62258.0,61477.0,60696.0,59915.0,59135.0,58354.0,57573.0,56792.0,55923.0,48366.0,44286.0,38411.0,33771.0,29532.0,25292.0,22137.0,20343.0,19526.0,18928.0,17871.0,17266.0,16780.0,16181.0,15337.0,14590.0,12756.0,10184.0,8289.0,6962.0,3504.0,2454.7,2469.1,2498.2,2542.2,2601.2,2690.2,2780.0,2870.5,2961.8,3053.8,3146.7,3240.4,3335.0,3430.4,3526.6,3623.7,3721.6,3820.4,3920.1,4020.6,4122.0,4224.4,4327.7,4431.9,4537.1,4643.4,4750.6,4858.9,4980.8,6105.9,6770.3,7816.8,8735.9,9666.7,10708.1,11575.0,12112.7,12371.0,12567.1,12927.3,13142.3,13320.4,13547.5,13882.2,14195.0,15037.5,16429.0,17681.1,18747.2,22796.4,311.1,312.33,314.07,315.2,315.2,315.43,315.65,315.74,315.98,316.26,316.59,316.96,317.31,317.49,317.53,317.64,317.64,317.78,317.78,317.78,317.78,317.79,317.85,317.85,317.85,317.85,317.86,317.93,318.16,320.0,322.0,325.0,328.0,331.0,334.0,337.0,340.0,343.0,346.0,349.0,352.0,355.0,359.0,365.0,372.0,385.0,400.0,422.0,450.0,500.0,0.00225042,0.00222985,0.00218368,0.00240305,0.00254323,0.00251908,0.00232666,0.00219542,0.00217012,0.00217877,0.00217657,0.00217508,0.00216068,0.00213792,0.00212124,0.0020969,0.00207212,0.00201465,0.00188522,0.00185473,0.00182866,0.00179856,0.00177229,0.00175037,0.00169287,0.00142998,0.00138415,0.00135825,0.00127155,0.00082284,0.00063616,0.00030614,8.189e-05,2.864e-05,1.227e-05,8.02e-06,8.32e-06,8.76e-06,1.027e-05,1.51e-05,1.702e-05,1.76e-05,1.764e-05,1.668e-05,1.52e-05,1.093e-05,3.06e-06,3.24e-06,5.77e-06,8e-07,1.4,4.0,3.3,4.3,5.6,3.6,8.3,2.3,9.4,1.9,9.4,1.9,9.0,2.8,9.1,4.4,9.1,6.6,9.4,8.8,9.3,10.7,8.4,12.1,7.4,13.3,6.8,14.0,6.4,14.4,5.9,14.6,5.5,15.1,5.0,15.4,4.7,15.7,4.5,15.8,4.3,16.0,4.5,16.1,5.0,15.8,5.5,15.2,6.2,15.2,6.8,15.1,7.2,15.2,7.7,15.5,8.3,15.3,11.5,14.7,12.6,15.4,14.1,16.4,15.0,15.8,17.2,15.8,19.2,16.7,18.8,16.8,20.0,17.3,24.6,16.4,29.0,16.5,30.1,16.4,28.7,16.8,27.5,17.5,26.6,17.9,25.5,18.5,24.0,19.0,19.7,21.6,14.8,19.1,7.7,10.7,3.0,5.8,-39.6,-9.2,0.6,0.8,0.9,1.0,1.0,1.0,0.9,1.0,1.1,1.2,1.3,1.3,1.4,1.4,1.4,1.5,1.5
17,20110604,00,05.,-109.298311,34.019075,-109.246782295,34.0205644006,76059.0,75929.0,75669.0,75278.0,74758.0,73977.0,73196.0,72415.0,71634.0,70853.0,70072.0,69291.0,68510.0,67729.0,66948.0,66167.0,65386.0,64605.0,63824.0,63043.0,62262.0,61481.0,60700.0,59919.0,59138.0,58357.0,57576.0,56795.0,56014.0,49924.0,46403.0,39745.0,34587.0,29784.0,25419.0,22354.0,20676.0,19947.0,18914.0,18340.0,17849.0,17307.0,16551.0,15398.0,14389.0,12297.0,9793.0,8121.0,6870.0,3469.0,2454.7,2469.1,2498.0,2541.8,2600.7,2689.6,2779.3,2869.8,2961.1,3053.3,3146.3,3240.0,3334.5,3429.9,3526.2,3623.2,3721.2,3820.0,3919.7,4020.2,4121.7,4224.1,4327.4,4431.7,4537.0,4643.3,4750.6,4859.1,4968.7,5865.2,6422.8,7575.0,8575.6,9617.8,10684.8,11522.4,12020.9,12248.4,12584.0,12778.0,12948.9,13143.1,13424.0,13876.9,14301.4,15279.7,16671.1,17800.1,18817.8,22832.8,309.57,310.81,312.68,314.21,314.45,315.02,315.43,315.85,316.29,316.52,316.69,316.8,317.07,317.29,317.46,317.56,317.67,317.74,317.8,317.83,317.83,317.83,317.83,317.85,317.93,318.03,318.16,318.32,318.47,320.0,322.0,325.0,328.0,331.0,334.0,337.0,340.0,343.0,346.0,349.0,352.0,355.0,359.0,365.0,372.0,385.0,400.0,422.0,450.0,500.0,0.00239058,0.00236815,0.00239249,0.00256991,0.00251564,0.00230935,0.00224668,0.00228946,0.00230567,0.00229302,0.00223262,0.00219269,0.00218717,0.00219439,0.00219469,0.00219167,0.00216321,0.00211417,0.00202944,0.0019106,0.00187704,0.00184024,0.00176695,0.00159196,0.00147941,0.00143613,0.0013509,0.00128994,0.00123973,0.00085065,0.00068222,0.00029286,8.12e-05,2.981e-05,1.236e-05,6.57e-06,7.32e-06,8.34e-06,1.267e-05,1.474e-05,1.547e-05,1.585e-05,1.599e-05,1.552e-05,1.47e-05,9.84e-06,2.26e-06,2.79e-06,6.33e-06,6.4e-07,2.9,2.8,4.5,3.5,6.5,3.5,9.1,2.9,9.1,3.1,8.5,4.3,8.5,6.8,8.7,9.1,8.7,11.0,8.3,12.3,7.7,13.1,6.7,13.4,5.3,13.6,3.8,13.6,2.6,13.5,1.6,13.4,1.1,13.4,0.6,13.5,0.4,13.5,0.5,13.5,0.9,13.6,1.4,13.7,2.2,13.9,3.0,14.2,3.7,14.4,4.5,14.5,5.2,14.6,5.7,14.7,6.3,14.7,10.5,15.1,12.4,15.5,14.9,15.9,16.2,15.1,18.2,15.8,19.8,17.0,18.9,17.7,19.0,18.8,25.5,19.3,31.2,19.4,30.4,18.7,28.8,18.6,27.6,18.7,26.3,19.0,24.4,19.8,22.0,20.5,17.2,22.0,13.7,17.6,6.5,9.2,1.3,3.0,-40.2,-8.7,0.4,0.6,0.7,0.8,0.8,0.8,1.0,1.2,1.4,1.5,1.6,1.6,1.7,1.7,1.7,1.7,1.7
18,20110604,00,05.,-109.298311,34.019075,-109.246782295,34.0205644006,57.0,284.0,515.8,752.6,994.6,1242.1,1495.5,1754.9,2020.8,2293.4,2573.1,2860.1,3154.8,3457.8,3769.4,4090.0,4420.0,4760.1,5111.4,5475.3,5851.7,6242.7,6650.3,7076.8,7522.5,7990.3,8483.5,9005.0,9558.7,10150.5,10784.3,11470.0,12219.6,13058.7,14024.6,15169.6,16544.2,306.0,304.6,303.1,301.6,300.1,298.5,296.9,295.3,293.6,291.7,289.7,287.6,285.4,283.2,280.5,277.5,274.3,271.2,268.1,265.1,262.0,258.9,256.0,252.8,249.4,245.9,242.4,238.5,234.4,229.9,225.0,219.8,215.6,213.5,214.4,213.2,207.8,16.658,16.658,16.658,16.658,16.658,16.658,16.658,16.658,16.641,16.466,16.569,16.311,17.042,18.635,20.828,22.705,25.695,25.683,26.695,27.53,28.396,29.148,30.044,29.047,27.158,23.347,15.744,10.337,7.556,6.536,6.138,7.042,10.56,23.525,17.604,10.673,5.053,0.5,2.2,0.5,2.2,0.5,2.2,0.5,2.2,0.5,2.2,0.5,2.2,0.5,2.2,0.6,2.2,1.3,2.0,3.8,1.3,6.6,1.3,7.7,3.7,7.7,7.9,7.1,11.5,6.2,13.7,5.3,14.8,5.5,14.5,7.0,14.1,8.5,14.2,9.7,14.3,10.9,14.4,11.9,14.6,12.7,15.0,13.2,15.5,13.8,16.0,14.3,16.3,14.9,16.2,15.8,16.3,17.2,16.4,18.4,17.0,19.3,17.4,19.1,17.3,22.6,17.3,28.9,16.9,24.1,18.2,18.6,20.5,14.1,17.8,0.44,0.44,0.44,0.44,0.44,0.44,0.44,0.44,0.44,0.43,0.54,0.72,0.81,0.93,1.03,1.08,1.02,0.8,0.61,0.45,0.29,0.14,0.03,-0.04,-0.09,-0.13,-0.14,-0.14,-0.14,-0.12,-0.08,-0.04,0.0,0.06,0.09,0.09,0.05,100728.0,77150.0,0.019,309.1,262.6,24.5,2.1,4.1,287.1,0.002245,317.8,0.0,0.0,6.4,2.9,0.0,-99999.0,99999.0,99999.0,99999.0,99999.0,99999.015625,32.0,59000.0,4550.0,25.73,18360.0,347.6,29.5,16.5,18300.0,30.2,17.0,0.0,0.01,0.0,289.2,15.83,8.2,2.5,0.95,286.8,16.07,9.2,6.8,1.11,284.4,17.8,7.7,12.9,1.36,281.2,20.13,5.6,15.0,1.48,277.6,22.01,4.5,15.9,1.5,273.8,24.77,5.9,15.3,1.23,8.0,2455.0,59000.0,4550.0,25.73,0.0,5.6,17.0,0.0,15.4,9.2,0.0,4.0,-99999.0,-99999.0,57080.0,66161.24,0.0,0.0,214.2,0.0,0.0,286.18,5e-05,3584.3,-10.0,-10.0,-10.0,0.2
19,20110604,00,05.,-109.298311,34.019075,-109.246782295,34.0205644006,67.1,293.3,524.3,760.3,1001.5,1248.2,1500.7,1759.2,2024.2,2295.9,2574.8,2861.2,3155.8,3458.6,3770.2,4090.7,4420.7,4760.9,5112.6,5476.6,5853.5,6245.6,6655.0,7082.3,7528.4,7998.0,8491.5,9014.7,9568.6,10161.0,10795.2,11481.2,12232.4,13074.5,14043.9,15182.4,16549.0,304.9,303.5,302.0,300.5,299.0,297.5,295.9,294.3,292.6,290.8,289.0,287.3,285.4,283.1,280.4,277.5,274.3,271.3,268.4,265.5,262.4,259.7,256.7,253.4,250.0,246.5,242.8,238.9,234.6,230.0,225.1,220.0,216.5,215.2,214.0,211.7,206.3,19.61,19.61,19.61,19.61,19.61,19.61,19.61,19.61,19.583,19.188,18.217,16.811,17.678,19.308,21.718,23.624,25.131,25.439,25.588,25.695,25.703,25.665,24.723,22.763,20.594,15.938,10.68,8.403,6.818,6.212,5.739,5.552,9.403,18.153,17.379,13.13,5.857,1.5,1.5,1.5,1.5,1.5,1.5,1.5,1.5,2.1,4.2,6.4,7.5,7.3,5.7,3.5,2.9,3.8,5.6,7.4,9.2,10.9,12.3,13.2,14.0,14.8,15.5,16.2,17.1,18.1,19.0,19.5,18.9,25.0,27.9,23.0,17.4,14.1,0.9,0.9,0.9,0.9,0.9,0.9,0.9,0.9,0.8,0.5,1.5,5.7,9.9,12.1,13.1,13.5,13.7,14.0,14.2,14.5,14.9,15.2,15.6,15.8,16.0,15.9,15.8,16.0,16.3,17.0,17.6,18.0,19.4,18.7,19.7,21.2,17.6,0.4,0.4,0.4,0.4,0.4,0.4,0.4,0.4,0.4,0.38,0.48,0.72,0.96,1.08,1.11,1.14,1.01,0.73,0.5,0.31,0.13,0.03,-0.03,-0.09,-0.15,-0.19,-0.23,-0.22,-0.21,-0.13,-0.03,0.07,0.17,0.12,0.07,0.09,0.06,100779.0,77160.0,0.02,307.6,263.3,22.3,3.5,3.1,285.6,0.002385,316.7,0.0,0.0,7.5,3.1,0.0,0.0,0.0,0.0,0.0,0.0,0.0,23.0,58900.0,4563.0,22.74,19490.0,344.3,28.3,19.3,18900.0,31.1,19.3,0.0,0.01,0.0,288.5,16.44,8.1,4.1,0.82,287.0,16.57,8.4,10.8,1.39,284.2,18.29,5.3,13.4,1.66,281.2,21.11,1.3,13.5,1.69,277.6,22.72,0.9,13.6,1.6,273.9,23.21,3.3,14.2,1.13,-7.0,2455.0,58900.0,4563.0,22.74,0.0,5.5,19.81,0.0,12.3,7.4,0.0,4.0,-99999.0,-99999.0,53297.0,46403.28,0.0,0.0,215.8,0.0,0.0,284.67,7e-05,3596.3,-10.0,-10.0,-10.0,0.2
20,20110604,00,05.,-109.298311,34.019075,-109.246782295,34.0205644006,76041.0,75911.0,75651.0,75260.0,74740.0,73960.0,73179.0,72399.0,71618.0,70838.0,70057.0,69277.0,68496.0,67716.0,66936.0,66155.0,65375.0,64594.0,63814.0,63033.0,62253.0,61473.0,60692.0,59912.0,59131.0,58351.0,57570.0,56790.0,56009.0,49255.0,45286.0,39103.0,34509.0,29956.0,25401.0,22454.0,20703.0,19805.0,18747.0,18200.0,17738.0,17240.0,16520.0,15388.0,14393.0,12301.0,9794.0,8121.0,6869.0,3468.0,2454.7,2469.1,2498.1,2542.0,2600.9,2689.8,2779.5,2870.0,2961.3,3053.4,3146.3,3240.0,3334.5,3429.9,3526.1,3623.1,3721.0,3819.8,3919.4,4020.0,4121.4,4223.7,4327.0,4431.3,4536.6,4642.8,4750.1,4858.5,4967.9,5966.9,6603.9,7689.5,8587.0,9573.7,10685.0,11489.5,12008.4,12289.4,12635.2,12821.1,12982.6,13161.6,13429.9,13874.9,14293.3,15271.4,16664.7,17794.4,18812.7,22829.0,310.67,311.81,313.58,314.76,314.76,315.21,315.51,315.86,316.3,316.58,316.74,316.82,317.1,317.36,317.55,317.65,317.71,317.81,317.85,317.92,317.92,317.92,317.95,318.06,318.13,318.13,318.13,318.19,318.32,320.0,322.0,325.0,328.0,331.0,334.0,337.0,340.0,343.0,346.0,349.0,352.0,355.0,359.0,365.0,372.0,385.0,400.0,422.0,450.0,500.0,0.00238193,0.00236564,0.00240015,0.00261621,0.00258441,0.00238891,0.00232393,0.00235667,0.0023617,0.00233663,0.00226376,0.00221159,0.00219442,0.00218967,0.00217949,0.00216834,0.0021355,0.00208259,0.00199441,0.00187592,0.00184237,0.00180502,0.00173272,0.00156364,0.00145395,0.00140497,0.00132095,0.00127415,0.00123825,0.00081815,0.0006174,0.00026744,8.079e-05,3.188e-05,1.233e-05,6.77e-06,7.31e-06,8.93e-06,1.327e-05,1.495e-05,1.555e-05,1.586e-05,1.598e-05,1.551e-05,1.47e-05,9.85e-06,2.32e-06,2.8e-06,5.25e-06,7.4e-07,0.5,2.2,2.6,3.1,5.2,3.3,8.4,3.1,8.6,3.5,8.4,5.0,8.7,7.2,8.8,9.6,8.8,11.5,8.4,12.9,7.7,13.7,6.6,13.9,5.3,14.3,3.9,14.3,2.5,14.3,1.6,14.2,1.1,14.1,0.4,14.0,0.5,14.1,0.5,13.9,0.8,13.8,1.5,13.7,2.3,13.9,3.1,14.1,3.6,14.2,4.4,14.2,5.2,14.3,5.7,14.7,6.0,15.0,10.5,15.1,12.3,15.0,13.8,15.2,14.1,14.4,15.5,14.0,17.6,14.5,20.6,14.9,22.5,17.8,28.3,18.8,31.0,18.0,29.6,18.0,28.3,18.4,27.4,18.8,26.0,19.1,24.3,20.0,21.7,20.5,16.3,22.2,13.7,17.2,6.5,8.8,1.3,2.9,-40.2,-8.7,0.4,0.6,0.7,0.8,0.8,0.8,1.0,1.2,1.4,1.5,1.6,1.6,1.7,1.7,1.7,1.7,1.7
21,20110604,00,05.,-109.298311,34.019075,-109.246782295,34.0205644006,76169.0,76038.0,75777.0,75385.0,74862.0,74077.0,73293.0,72509.0,71725.0,70940.0,70156.0,69372.0,68587.0,67803.0,67019.0,66235.0,65450.0,64666.0,63882.0,63097.0,62313.0,61529.0,60745.0,59960.0,59176.0,58392.0,57607.0,56823.0,56039.0,50954.0,46983.0,39905.0,34581.0,29032.0,24403.0,21943.0,20694.0,19861.0,18701.0,18074.0,17575.0,17085.0,16386.0,15255.0,14186.0,12033.0,9652.0,8045.0,6854.0,3427.0,2454.7,2469.1,2498.2,2542.2,2601.2,2690.4,2780.4,2871.2,2962.8,3055.2,3148.5,3242.6,3337.5,3433.3,3529.9,3627.3,3725.6,3824.8,3924.8,4025.7,4127.5,4230.3,4333.9,4438.6,4544.2,4650.8,4758.6,4867.4,4977.4,5720.6,6342.1,7559.6,8591.0,9805.9,10964.3,11651.1,12024.4,12284.9,12664.0,12877.8,13053.2,13230.5,13492.4,13939.7,14393.3,15413.0,16753.2,17847.7,18821.3,22885.5,308.34,310.44,313.48,314.18,314.5,315.06,315.53,315.82,316.06,316.4,316.8,317.05,317.26,317.43,317.57,317.64,317.7,317.73,317.74,317.74,317.74,317.74,317.74,317.75,317.81,317.94,318.08,318.25,318.45,320.0,322.0,325.0,328.0,331.0,334.0,337.0,340.0,343.0,346.0,349.0,352.0,355.0,359.0,365.0,372.0,385.0,400.0,422.0,450.0,500.0,0.00250929,0.00248843,0.00257657,0.00258609,0.00243152,0.00228961,0.00227525,0.00209891,0.00197598,0.00197548,0.00198035,0.00199202,0.00201511,0.00202318,0.00200942,0.00195707,0.00186746,0.00175817,0.00163174,0.00149028,0.00140668,0.00136429,0.00134105,0.00130157,0.00125059,0.00122115,0.00119093,0.00115845,0.00111312,0.00084516,0.00064565,0.00025218,7.175e-05,3.205e-05,1.22e-05,5.56e-06,6.32e-06,8.22e-06,1.213e-05,1.344e-05,1.393e-05,1.415e-05,1.403e-05,1.29e-05,1.17e-05,7.92e-06,1.94e-06,2.52e-06,5.63e-06,7e-07,2.1,3.4,4.0,4.4,6.2,4.3,7.4,4.7,7.5,6.1,8.1,8.2,8.9,10.2,9.5,11.7,9.3,12.8,8.3,13.8,6.7,14.5,4.7,14.6,2.8,14.4,1.6,14.2,1.2,14.2,0.8,14.1,0.7,14.0,0.8,14.0,1.2,14.0,1.9,14.1,2.9,14.3,3.8,14.4,4.4,14.5,5.0,14.6,5.5,14.7,6.0,14.9,6.5,15.1,7.1,15.2,7.5,15.2,11.1,15.3,12.7,14.7,13.7,13.7,14.1,13.2,15.2,14.2,16.6,15.5,17.9,16.0,19.2,18.1,23.5,18.1,28.9,16.4,29.5,16.0,28.8,16.6,27.9,17.2,26.5,18.2,24.9,19.9,22.6,21.2,18.4,22.6,15.8,16.3,9.0,10.0,2.4,2.9,-39.8,-7.5,0.7,1.0,1.1,1.2,1.4,1.7,1.9,2.1,2.3,2.4,2.4,2.4,2.3,2.2,2.2,2.1,2.0
22,20110604,00,05.,-109.298311,34.019075,-109.246782295,34.0205644006,61.1,287.8,519.2,755.6,997.2,1244.3,1497.2,1756.2,2021.6,2293.8,2573.1,2859.7,3154.3,3457.2,3768.8,4089.4,4419.5,4759.8,5111.4,5475.3,5851.9,6243.6,6651.9,7078.9,7524.6,7993.5,8487.0,9010.1,9564.1,10156.8,10790.9,11477.0,12228.4,13069.0,14038.0,15176.6,16543.3,305.4,304.0,302.6,301.1,299.6,298.0,296.4,294.8,293.1,291.3,289.3,287.4,285.4,283.1,280.5,277.5,274.5,271.3,268.3,265.3,262.2,259.3,256.3,253.1,249.8,246.3,242.8,238.9,234.7,230.0,225.1,220.1,216.3,214.9,214.0,211.7,206.3,18.308,18.308,18.308,18.308,18.308,18.308,18.308,18.308,18.288,18.102,17.761,17.084,17.893,19.192,21.346,23.097,24.452,24.985,25.876,26.113,26.323,26.295,25.98,23.8,21.305,16.824,11.059,8.555,6.946,6.336,5.803,5.596,9.933,18.814,17.418,13.107,5.852,-0.9,0.5,-0.9,0.5,-0.9,0.5,-0.9,0.5,-0.9,0.5,-0.9,0.5,-0.9,0.5,-0.9,0.5,-0.1,0.5,2.7,0.5,5.9,1.7,7.5,6.2,7.3,10.5,5.8,12.7,3.4,13.6,2.9,13.6,3.8,13.6,5.6,13.8,7.1,14.5,8.7,14.6,10.4,14.8,11.7,14.9,12.5,15.0,13.1,15.2,13.6,15.3,14.0,15.3,14.2,15.1,14.8,14.8,15.6,14.6,16.7,14.9,18.0,15.2,20.5,15.5,27.1,18.7,27.7,18.6,22.8,19.8,16.7,21.4,14.0,17.3,0.41,0.41,0.41,0.41,0.41,0.41,0.41,0.41,0.41,0.38,0.48,0.72,0.96,1.07,1.11,1.14,1.0,0.74,0.5,0.34,0.18,0.07,0.0,-0.07,-0.13,-0.18,-0.21,-0.22,-0.22,-0.13,-0.04,0.07,0.16,0.12,0.07,0.08,0.06,100754.0,77140.0,0.018,308.6,263.3,23.3,1.2,2.5,286.6,0.002376,317.7,0.0,0.0,6.8,2.9,0.0,-99999.0,99999.0,99999.0,99999.0,99999.0,99999.015625,0.0,58800.0,4577.0,22.18,20630.0,341.0,22.7,17.6,19000.0,31.0,18.2,0.0,0.01,0.0,288.8,16.44,7.6,4.4,0.8,287.0,16.96,8.5,11.3,1.37,284.3,18.32,5.3,14.1,1.66,281.2,20.78,1.3,14.1,1.7,277.7,22.21,0.9,13.9,1.59,274.0,22.56,3.4,14.1,1.13,-17.0,2455.0,58800.0,4577.0,22.18,0.0,5.5,18.49,0.0,12.1,7.5,0.0,3.0,-99999.0,-99999.0,54984.0,66155.17,0.0,0.0,217.2,0.0,0.0,284.98,7e-05,3597.8,-10.0,-10.0,-10.0,0.2
23,20110604,00,05.,-109.298311,34.019075,-109.246782295,34.0205644006,80.6,306.8,537.7,773.5,1014.6,1261.2,1513.5,1771.9,2036.8,2308.4,2587.2,2873.7,3168.2,3471.1,3782.7,4103.3,4433.2,4773.3,5125.0,5489.0,5866.0,6258.4,6667.9,7095.2,7541.4,8010.9,8504.7,9027.7,9581.4,10172.9,10805.8,11490.8,12241.2,13081.0,14048.0,15183.8,16545.2,304.6,303.2,301.8,300.3,298.8,297.3,295.7,294.1,292.4,290.7,289.0,287.4,285.5,283.2,280.5,277.5,274.3,271.3,268.5,265.6,262.6,259.9,256.8,253.5,250.1,246.6,242.8,238.7,234.3,229.6,224.6,219.7,216.3,214.4,213.4,210.8,205.7,22.029,22.029,22.029,22.029,22.029,22.029,22.029,22.029,21.977,21.129,18.717,16.19,15.984,17.911,19.434,19.711,20.963,21.698,22.575,23.248,23.682,23.519,22.027,19.776,17.311,13.487,9.496,8.446,8.187,7.851,7.347,5.676,9.121,17.836,15.716,12.595,6.23,0.5,0.5,0.5,0.5,0.5,0.5,0.5,0.6,1.2,3.0,5.6,7.4,6.8,4.1,2.7,3.3,4.6,6.2,8.1,10.0,11.7,12.7,13.2,13.6,14.0,14.2,14.5,14.8,15.2,15.8,16.5,17.6,23.0,28.1,23.8,19.1,16.5,1.0,1.0,1.0,1.0,1.0,1.0,1.0,1.0,1.0,1.3,3.7,8.9,12.2,13.3,13.5,13.6,13.9,14.3,14.7,14.9,15.0,14.9,14.7,14.5,14.4,14.2,14.2,14.3,14.5,15.1,15.6,16.0,17.9,16.6,19.7,21.7,17.1,0.48,0.48,0.48,0.48,0.48,0.48,0.48,0.48,0.48,0.45,0.6,0.95,1.19,1.17,1.11,1.01,0.79,0.53,0.31,0.11,-0.07,-0.2,-0.29,-0.38,-0.47,-0.52,-0.56,-0.54,-0.51,-0.43,-0.32,-0.18,-0.06,-0.04,0.05,0.15,0.11,100927.0,77280.0,0.023,306.3,264.0,20.6,2.8,3.7,284.6,0.002503,315.7,0.0,0.0,8.2,3.7,0.0,0.0,0.0,0.0,0.0,0.0,0.0,9.0,59000.0,4569.0,19.28,19850.0,342.9,20.8,17.6,18200.0,29.4,16.1,0.0,0.01,0.0,288.7,16.4,7.4,6.8,1.45,287.1,14.7,8.7,12.7,2.25,284.6,16.4,3.4,14.4,2.29,281.4,18.13,0.9,14.0,2.03,277.8,17.37,2.5,14.2,1.69,274.0,18.92,5.2,14.6,1.14,-43.0,2455.0,59000.0,4569.0,19.28,0.0,4.9,22.29,0.0,10.3,6.6,0.0,4.0,-99999.0,-99999.0,50061.0,46983.02,0.0,0.0,216.0,0.0,0.0,283.54,8e-05,3574.9,-10.0,-10.0,-10.0,0.17
