ID,SIZE,NAME,DATE
0,102M,ruc1320110324t18_23.tar,20110324
1172,608M,ruc1320110324t06_11.tar,20110324
3,10K,ruc1320110327t00_05.tar,20110327
4,10K,ruc1320110327t06_11.tar,20110327
19,209M,ruc1320110327t12_17.tar,20110327
1185,631M,ruc1320110327t18_23.tar,20110327
1174,622M,ruc1320110328t06_11.tar,20110328
1179,625M,ruc1320110328t12_17.tar,20110328
1184,630M,ruc1320110328t00_05.tar,20110328
1198,636M,ruc1320110328t18_23.tar,20110328
5,10K,ruc1320110329t18_23.tar,20110329
22,310M,ruc1320110329t12_17.tar,20110329
1175,623M,ruc1320110329t06_11.tar,20110329
1187,632M,ruc1320110329t00_05.tar,20110329
6,10K,ruc1320110330t00_05.tar,20110330
7,10K,ruc1320110330t06_11.tar,20110330
583,535M,ruc1320110330t12_17.tar,20110330
1238,652M,ruc1320110330t18_23.tar,20110330
8,10K,ruc1320110331t18_23.tar,20110331
20,216M,ruc1320110331t12_17.tar,20110331
1218,645M,ruc1320110331t06_11.tar,20110331
1228,649M,ruc1320110331t00_05.tar,20110331
1239,652M,ruc1320110405t12_17.tar,20110405
1245,655M,ruc1320110405t06_11.tar,20110405
1256,658M,ruc1320110405t18_23.tar,20110405
1192,634M,ruc1320110408t06_11.tar,20110408
1200,637M,ruc1320110408t12_17.tar,20110408
1203,639M,ruc1320110408t00_05.tar,20110408
1231,650M,ruc1320110408t18_23.tar,20110408
1204,639M,ruc1320110410t12_17.tar,20110410
1209,641M,ruc1320110410t06_11.tar,20110410
1215,643M,ruc1320110410t00_05.tar,20110410
1232,650M,ruc1320110410t18_23.tar,20110410
611,538M,ruc1320110411t06_11.tar,20110411
1222,646M,ruc1320110411t12_17.tar,20110411
1233,650M,ruc1320110411t18_23.tar,20110411
1236,651M,ruc1320110411t00_05.tar,20110411
1181,626M,ruc1320110412t06_11.tar,20110412
1182,627M,ruc1320110412t12_17.tar,20110412
1189,633M,ruc1320110412t18_23.tar,20110412
1205,639M,ruc1320110412t00_05.tar,20110412
1173,621M,ruc1320110413t06_11.tar,20110413
1176,623M,ruc1320110413t12_17.tar,20110413
1183,629M,ruc1320110413t00_05.tar,20110413
1201,637M,ruc1320110413t18_23.tar,20110413
1196,635M,ruc1320110416t06_11.tar,20110416
1197,635M,ruc1320110416t12_17.tar,20110416
1202,637M,ruc1320110416t00_05.tar,20110416
1206,639M,ruc1320110416t18_23.tar,20110416
1180,625M,ruc1320110417t12_17.tar,20110417
1188,632M,ruc1320110417t00_05.tar,20110417
1177,623M,ruc1320110419t06_11.tar,20110419
1178,624M,ruc1320110419t12_17.tar,20110419
1210,641M,ruc1320110419t18_23.tar,20110419
1193,634M,ruc1320110421t12_17.tar,20110421
1237,651M,ruc1320110421t18_23.tar,20110421
1190,633M,ruc1320110422t12_17.tar,20110422
1216,643M,ruc1320110422t00_05.tar,20110422
1224,647M,ruc1320110422t18_23.tar,20110422
1199,636M,ruc1320110423t12_17.tar,20110423
1225,647M,ruc1320110423t00_05.tar,20110423
1240,652M,ruc1320110423t18_23.tar,20110423
1229,649M,ruc1320110427t12_17.tar,20110427
1243,654M,ruc1320110427t06_11.tar,20110427
1265,662M,ruc1320110427t18_23.tar,20110427
1269,666M,ruc1320110427t00_05.tar,20110427
1208,640M,ruc1320110428t12_17.tar,20110428
1211,642M,ruc1320110428t06_11.tar,20110428
1234,650M,ruc1320110428t00_05.tar,20110428
1244,654M,ruc1320110428t18_23.tar,20110428
1191,633M,ruc1320110502t12_17.tar,20110502
1194,634M,ruc1320110502t06_11.tar,20110502
1212,642M,ruc1320110502t00_05.tar,20110502
1235,650M,ruc1320110502t18_23.tar,20110502
9,10K,ruc1320110503t12_17.tar,20110503
10,10K,ruc1320110503t18_23.tar,20110503
24,320M,ruc1320110503t06_11.tar,20110503
1226,647M,ruc1320110503t00_05.tar,20110503
11,10K,ruc1320110504t00_05.tar,20110504
497,528M,ruc1320110504t06_11.tar,20110504
1186,631M,ruc1320110504t12_17.tar,20110504
1217,644M,ruc1320110504t18_23.tar,20110504
12,10K,ruc1320110505t12_17.tar,20110505
13,10K,ruc1320110505t18_23.tar,20110505
23,313M,ruc1320110505t06_11.tar,20110505
1195,634M,ruc1320110505t00_05.tar,20110505
14,10K,ruc1320110506t00_05.tar,20110506
532,531M,ruc1320110506t06_11.tar,20110506
1213,642M,ruc1320110506t12_17.tar,20110506
1271,667M,ruc1320110506t18_23.tar,20110506
15,10K,ruc1320110507t12_17.tar,20110507
16,10K,ruc1320110507t18_23.tar,20110507
25,324M,ruc1320110507t06_11.tar,20110507
1260,659M,ruc1320110507t00_05.tar,20110507
17,10K,ruc1320110508t00_05.tar,20110508
635,541M,ruc1320110508t06_11.tar,20110508
1230,649M,ruc1320110508t12_17.tar,20110508
1272,668M,ruc1320110508t18_23.tar,20110508
18,10K,ruc1320110509t12_17.tar,20110509
21,238M,ruc1320110509t00_05.tar,20110509
134,450M,ruc1320110509t18_23.tar,20110509
799,55M,ruc1320110509t06_11.tar,20110509
842,563M,ruc1320110510t18_23.tar,20110510
1257,658M,ruc1320110510t06_11.tar,20110510
1258,658M,ruc1320110510t12_17.tar,20110510
1266,665M,ruc1320110510t00_05.tar,20110510
158,459M,ruc1320110511t20_23.tar,20110511
756,556M,ruc1320110511t05_09.tar,20110511
768,557M,ruc1320110511t10_14.tar,20110511
802,560M,ruc1320110511t00_04.tar,20110511
863,564M,ruc1320110511t15_19.tar,20110511
1251,657M,ruc1320110512t12_17.tar,20110512
1261,659M,ruc1320110512t06_11.tar,20110512
1278,674M,ruc1320110512t00_05.tar,20110512
1283,677M,ruc1320110512t18_23.tar,20110512
1250,656M,ruc1320110513t12_17.tar,20110513
1263,660M,ruc1320110513t06_11.tar,20110513
1276,672M,ruc1320110513t00_05.tar,20110513
1207,639M,ruc1320110516t06_11.tar,20110516
1214,642M,ruc1320110516t12_17.tar,20110516
1259,658M,ruc1320110516t18_23.tar,20110516
1219,645M,ruc1320110517t06_11.tar,20110517
1227,647M,ruc1320110517t12_17.tar,20110517
1241,652M,ruc1320110517t00_05.tar,20110517
1267,665M,ruc1320110517t18_23.tar,20110517
1223,646M,ruc1320110518t06_11.tar,20110518
1242,653M,ruc1320110518t12_17.tar,20110518
1246,655M,ruc1320110518t00_05.tar,20110518
1277,672M,ruc1320110518t18_23.tar,20110518
168,461M,ruc1320110521t20_23.tar,20110521
712,551M,ruc1320110521t10_14.tar,20110521
757,556M,ruc1320110521t05_09.tar,20110521
803,560M,ruc1320110521t15_19.tar,20110521
967,570M,ruc1320110521t00_04.tar,20110521
178,465M,ruc1320110522t20_23.tar,20110522
697,550M,ruc1320110522t10_14.tar,20110522
735,554M,ruc1320110522t05_09.tar,20110522
830,562M,ruc1320110522t15_19.tar,20110522
904,566M,ruc1320110522t00_04.tar,20110522
159,459M,ruc1320110523t20_23.tar,20110523
814,561M,ruc1320110523t05_09.tar,20110523
815,561M,ruc1320110523t10_14.tar,20110523
905,566M,ruc1320110523t15_19.tar,20110523
946,569M,ruc1320110523t00_04.tar,20110523
143,456M,ruc1320110524t20_23.tar,20110524
736,554M,ruc1320110524t10_14.tar,20110524
758,556M,ruc1320110524t05_09.tar,20110524
804,560M,ruc1320110524t15_19.tar,20110524
864,564M,ruc1320110524t00_04.tar,20110524
1252,657M,ruc1320110525t06_11.tar,20110525
1253,657M,ruc1320110525t12_17.tar,20110525
1275,670M,ruc1320110525t00_05.tar,20110525
1281,675M,ruc1320110525t18_23.tar,20110525
1254,657M,ruc1320110526t06_11.tar,20110526
1255,657M,ruc1320110526t12_17.tar,20110526
1270,666M,ruc1320110526t00_05.tar,20110526
1279,674M,ruc1320110526t18_23.tar,20110526
1220,645M,ruc1320110527t06_11.tar,20110527
1221,645M,ruc1320110527t12_17.tar,20110527
1264,660M,ruc1320110527t00_05.tar,20110527
1273,668M,ruc1320110527t18_23.tar,20110527
1247,655M,ruc1320110530t06_11.tar,20110530
1262,659M,ruc1320110530t12_17.tar,20110530
1268,665M,ruc1320110530t00_05.tar,20110530
1282,675M,ruc1320110530t18_23.tar,20110530
154,458M,ruc1320110531t20_23.tar,20110531
698,550M,ruc1320110531t10_14.tar,20110531
720,552M,ruc1320110531t05_09.tar,20110531
779,558M,ruc1320110531t00_04.tar,20110531
780,558M,ruc1320110531t15_19.tar,20110531
169,461M,ruc1320110601t20_23.tar,20110601
713,551M,ruc1320110601t10_14.tar,20110601
721,552M,ruc1320110601t05_09.tar,20110601
831,562M,ruc1320110601t15_19.tar,20110601
843,563M,ruc1320110601t00_04.tar,20110601
160,459M,ruc1320110602t20_23.tar,20110602
746,555M,ruc1320110602t05_09.tar,20110602
747,555M,ruc1320110602t10_14.tar,20110602
832,562M,ruc1320110602t15_19.tar,20110602
865,564M,ruc1320110602t00_04.tar,20110602
151,457M,ruc1320110603t20_23.tar,20110603
728,553M,ruc1320110603t05_09.tar,20110603
737,554M,ruc1320110603t10_14.tar,20110603
788,559M,ruc1320110603t15_19.tar,20110603
877,565M,ruc1320110603t00_04.tar,20110603
1248,655M,ruc1320110604t06_11.tar,20110604
1249,655M,ruc1320110604t12_17.tar,20110604
1274,668M,ruc1320110604t00_05.tar,20110604
1280,674M,ruc1320110604t18_23.tar,20110604
659,544M,ruc1320110605t10_14.tar,20110605
667,545M,ruc1320110605t05_09.tar,20110605
714,551M,ruc1320110605t15_19.tar,20110605
759,556M,ruc1320110605t00_04.tar,20110605
172,462M,ruc1320110607t20_23.tar,20110607
161,459M,ruc1320110608t20_23.tar,20110608
660,544M,ruc1320110608t10_14.tar,20110608
674,546M,ruc1320110608t05_09.tar,20110608
739,554M,ruc1320110608t15_19.tar,20110608
816,561M,ruc1320110608t00_04.tar,20110608
166,460M,ruc1320110609t20_23.tar,20110609
699,550M,ruc1320110609t10_14.tar,20110609
722,552M,ruc1320110609t05_09.tar,20110609
789,559M,ruc1320110609t15_19.tar,20110609
878,565M,ruc1320110609t00_04.tar,20110609
173,462M,ruc1320110610t20_23.tar,20110610
668,545M,ruc1320110610t10_14.tar,20110610
715,551M,ruc1320110610t05_09.tar,20110610
769,557M,ruc1320110610t15_19.tar,20110610
879,565M,ruc1320110610t00_04.tar,20110610
186,469M,ruc1320110611t20_23.tar,20110611
684,548M,ruc1320110611t10_14.tar,20110611
738,554M,ruc1320110611t05_09.tar,20110611
866,564M,ruc1320110611t15_19.tar,20110611
933,568M,ruc1320110611t00_04.tar,20110611
189,470M,ruc1320110612t20_23.tar,20110612
748,555M,ruc1320110612t10_14.tar,20110612
790,559M,ruc1320110612t05_09.tar,20110612
947,569M,ruc1320110612t15_19.tar,20110612
1022,574M,ruc1320110612t00_04.tar,20110612
179,465M,ruc1320110613t20_23.tar,20110613
749,555M,ruc1320110613t10_14.tar,20110613
781,558M,ruc1320110613t05_09.tar,20110613
880,565M,ruc1320110613t15_19.tar,20110613
980,571M,ruc1320110613t00_04.tar,20110613
174,462M,ruc1320110614t20_23.tar,20110614
688,549M,ruc1320110614t10_14.tar,20110614
723,552M,ruc1320110614t05_09.tar,20110614
817,561M,ruc1320110614t15_19.tar,20110614
934,568M,ruc1320110614t00_04.tar,20110614
190,470M,ruc1320110615t20_23.tar,20110615
729,553M,ruc1320110615t10_14.tar,20110615
740,554M,ruc1320110615t05_09.tar,20110615
881,565M,ruc1320110615t00_04.tar,20110615
906,566M,ruc1320110615t15_19.tar,20110615
187,469M,ruc1320110616t20_23.tar,20110616
907,566M,ruc1320110616t05_09.tar,20110616
908,566M,ruc1320110616t10_14.tar,20110616
1030,575M,ruc1320110616t15_19.tar,20110616
1045,576M,ruc1320110616t00_04.tar,20110616
197,472M,ruc1320110617t20_23.tar,20110617
948,569M,ruc1320110617t05_09.tar,20110617
949,569M,ruc1320110617t10_14.tar,20110617
1057,577M,ruc1320110617t00_04.tar,20110617
1086,579M,ruc1320110617t15_19.tar,20110617
191,470M,ruc1320110618t20_23.tar,20110618
968,570M,ruc1320110618t10_14.tar,20110618
981,571M,ruc1320110618t05_09.tar,20110618
1031,575M,ruc1320110618t15_19.tar,20110618
1087,579M,ruc1320110618t00_04.tar,20110618
176,464M,ruc1320110619t20_23.tar,20110619
950,569M,ruc1320110619t05_09.tar,20110619
969,570M,ruc1320110619t10_14.tar,20110619
1007,573M,ruc1320110619t15_19.tar,20110619
1096,580M,ruc1320110619t00_04.tar,20110619
181,467M,ruc1320110620t20_23.tar,20110620
844,563M,ruc1320110620t05_09.tar,20110620
882,565M,ruc1320110620t10_14.tar,20110620
970,570M,ruc1320110620t00_04.tar,20110620
1008,573M,ruc1320110620t15_19.tar,20110620
193,471M,ruc1320110621t20_23.tar,20110621
767,557M,ruc1320110621t05_09.tar,20110621
778,558M,ruc1320110621t10_14.tar,20110621
941,569M,ruc1320110621t00_04.tar,20110621
1004,573M,ruc1320110621t15_19.tar,20110621
213,475M,ruc1320110622t20_23.tar,20110622
899,566M,ruc1320110622t05_09.tar,20110622
920,567M,ruc1320110622t10_14.tar,20110622
1061,578M,ruc1320110622t00_04.tar,20110622
1062,578M,ruc1320110622t15_19.tar,20110622
216,475M,ruc1320110623t20_23.tar,20110623
902,566M,ruc1320110623t10_14.tar,20110623
932,568M,ruc1320110623t05_09.tar,20110623
1054,577M,ruc1320110623t15_19.tar,20110623
1116,582M,ruc1320110623t00_04.tar,20110623
232,479M,ruc1320110624t20_23.tar,20110624
1029,575M,ruc1320110624t10_14.tar,20110624
1042,576M,ruc1320110624t05_09.tar,20110624
1117,582M,ruc1320110624t15_19.tar,20110624
1127,583M,ruc1320110624t00_04.tar,20110624
203,473M,ruc1320110625t20_23.tar,20110625
1043,576M,ruc1320110625t05_09.tar,20110625
1044,576M,ruc1320110625t10_14.tar,20110625
1095,580M,ruc1320110625t15_19.tar,20110625
1140,585M,ruc1320110625t00_04.tar,20110625
222,476M,ruc1320110626t20_23.tar,20110626
903,566M,ruc1320110626t05_09.tar,20110626
965,570M,ruc1320110626t10_14.tar,20110626
1065,578M,ruc1320110626t00_04.tar,20110626
1106,581M,ruc1320110626t15_19.tar,20110626
208,474M,ruc1320110627t20_23.tar,20110627
966,570M,ruc1320110627t10_14.tar,20110627
992,572M,ruc1320110627t05_09.tar,20110627
1055,577M,ruc1320110627t15_19.tar,20110627
1128,583M,ruc1320110627t00_04.tar,20110627
238,480M,ruc1320110628t20_23.tar,20110628
993,572M,ruc1320110628t05_09.tar,20110628
1056,577M,ruc1320110628t10_14.tar,20110628
1118,582M,ruc1320110628t00_04.tar,20110628
1154,588M,ruc1320110628t15_19.tar,20110628
241,481M,ruc1320110629t20_23.tar,20110629
1148,587M,ruc1320110629t05_09.tar,20110629
1149,587M,ruc1320110629t10_14.tar,20110629
1166,591M,ruc1320110629t15_19.tar,20110629
1170,595M,ruc1320110629t00_04.tar,20110629
206,474M,ruc1320110630t20_23.tar,20110630
990,572M,ruc1320110630t10_14.tar,20110630
1020,574M,ruc1320110630t05_09.tar,20110630
1051,577M,ruc1320110630t15_19.tar,20110630
1152,588M,ruc1320110630t00_04.tar,20110630
202,473M,ruc1320110701t20_23.tar,20110701
874,565M,ruc1320110701t05_09.tar,20110701
897,566M,ruc1320110701t10_14.tar,20110701
1052,577M,ruc1320110701t15_19.tar,20110701
1080,579M,ruc1320110701t00_04.tar,20110701
246,483M,ruc1320110702t20_23.tar,20110702
898,566M,ruc1320110702t05_09.tar,20110702
942,569M,ruc1320110702t10_14.tar,20110702
1081,579M,ruc1320110702t00_04.tar,20110702
1112,582M,ruc1320110702t15_19.tar,20110702
254,490M,ruc1320110703t20_23.tar,20110703
1124,583M,ruc1320110703t05_09.tar,20110703
1125,583M,ruc1320110703t10_14.tar,20110703
1164,591M,ruc1320110703t15_19.tar,20110703
1169,595M,ruc1320110703t00_04.tar,20110703
248,484M,ruc1320110704t20_23.tar,20110704
1101,581M,ruc1320110704t05_09.tar,20110704
1113,582M,ruc1320110704t10_14.tar,20110704
1159,590M,ruc1320110704t15_19.tar,20110704
1171,599M,ruc1320110704t00_04.tar,20110704
249,484M,ruc1320110705t20_23.tar,20110705
1005,573M,ruc1320110705t10_14.tar,20110705
1040,576M,ruc1320110705t05_09.tar,20110705
1132,584M,ruc1320110705t15_19.tar,20110705
1160,590M,ruc1320110705t00_04.tar,20110705
1161,590M,ruc1320110706t00_04.tar,20110706
252,486M,ruc1320110708t20_23.tar,20110708
1021,574M,ruc1320110708t05_09.tar,20110708
1027,575M,ruc1320110708t10_14.tar,20110708
1162,590M,ruc1320110708t15_19.tar,20110708
226,477M,ruc1320110709t20_23.tar,20110709
963,570M,ruc1320110709t10_14.tar,20110709
1028,575M,ruc1320110709t05_09.tar,20110709
1082,579M,ruc1320110709t15_19.tar,20110709
1157,589M,ruc1320110709t00_04.tar,20110709
237,480M,ruc1320110710t20_23.tar,20110710
929,568M,ruc1320110710t05_09.tar,20110710
943,569M,ruc1320110710t10_14.tar,20110710
1114,582M,ruc1320110710t00_04.tar,20110710
1115,582M,ruc1320110710t15_19.tar,20110710
240,481M,ruc1320110711t20_23.tar,20110711
964,570M,ruc1320110711t05_09.tar,20110711
991,572M,ruc1320110711t10_14.tar,20110711
1126,583M,ruc1320110711t15_19.tar,20110711
1133,584M,ruc1320110711t00_04.tar,20110711
230,478M,ruc1320110712t20_23.tar,20110712
900,566M,ruc1320110712t10_14.tar,20110712
921,567M,ruc1320110712t05_09.tar,20110712
1063,578M,ruc1320110712t15_19.tar,20110712
1145,586M,ruc1320110712t00_04.tar,20110712
214,475M,ruc1320110713t20_23.tar,20110713
875,565M,ruc1320110713t10_14.tar,20110713
901,566M,ruc1320110713t05_09.tar,20110713
1041,576M,ruc1320110713t15_19.tar,20110713
1102,581M,ruc1320110713t00_04.tar,20110713
215,475M,ruc1320110714t20_23.tar,20110714
862,564M,ruc1320110714t10_14.tar,20110714
930,568M,ruc1320110714t05_09.tar,20110714
1083,579M,ruc1320110714t00_04.tar,20110714
1103,581M,ruc1320110714t15_19.tar,20110714
207,474M,ruc1320110715t20_23.tar,20110715
876,565M,ruc1320110715t10_14.tar,20110715
931,568M,ruc1320110715t05_09.tar,20110715
1053,577M,ruc1320110715t15_19.tar,20110715
1094,580M,ruc1320110715t00_04.tar,20110715
220,476M,ruc1320110716t20_23.tar,20110716
944,569M,ruc1320110716t05_09.tar,20110716
977,571M,ruc1320110716t10_14.tar,20110716
1084,579M,ruc1320110716t15_19.tar,20110716
1104,581M,ruc1320110716t00_04.tar,20110716
945,569M,ruc1320110717t05_09.tar,20110717
1006,573M,ruc1320110717t10_14.tar,20110717
1138,585M,ruc1320110717t00_04.tar,20110717
1153,588M,ruc1320110717t15_19.tar,20110717
247,483M,ruc1320110719t20_23.tar,20110719
244,482M,ruc1320110720t20_23.tar,20110720
1064,578M,ruc1320110720t05_09.tar,20110720
1085,579M,ruc1320110720t10_14.tar,20110720
1163,590M,ruc1320110720t00_04.tar,20110720
1165,591M,ruc1320110720t15_19.tar,20110720
221,476M,ruc1320110721t20_23.tar,20110721
978,571M,ruc1320110721t05_09.tar,20110721
979,571M,ruc1320110721t10_14.tar,20110721
1105,581M,ruc1320110721t15_19.tar,20110721
1139,585M,ruc1320110721t00_04.tar,20110721
234,480M,ruc1320110722t20_23.tar,20110722
857,564M,ruc1320110722t05_09.tar,20110722
915,567M,ruc1320110722t10_14.tar,20110722
1099,581M,ruc1320110722t00_04.tar,20110722
1108,582M,ruc1320110722t15_19.tar,20110722
223,477M,ruc1320110723t20_23.tar,20110723
974,571M,ruc1320110723t05_09.tar,20110723
975,571M,ruc1320110723t10_14.tar,20110723
1109,582M,ruc1320110723t15_19.tar,20110723
1122,583M,ruc1320110723t00_04.tar,20110723
219,476M,ruc1320110724t20_23.tar,20110724
861,564M,ruc1320110724t05_09.tar,20110724
919,567M,ruc1320110724t10_14.tar,20110724
1039,576M,ruc1320110724t15_19.tar,20110724
1078,579M,ruc1320110724t00_04.tar,20110724
251,486M,ruc1320110725t20_23.tar,20110725
1016,574M,ruc1320110725t05_09.tar,20110725
1026,575M,ruc1320110725t10_14.tar,20110725
1134,585M,ruc1320110725t00_04.tar,20110725
1156,589M,ruc1320110725t15_19.tar,20110725
243,482M,ruc1320110726t20_23.tar,20110726
1017,574M,ruc1320110726t10_14.tar,20110726
1147,587M,ruc1320110726t15_19.tar,20110726
1168,592M,ruc1320110726t00_04.tar,20110726
225,477M,ruc1320110727t20_23.tar,20110727
927,568M,ruc1320110727t05_09.tar,20110727
928,568M,ruc1320110727t10_14.tar,20110727
1079,579M,ruc1320110727t15_19.tar,20110727
1135,585M,ruc1320110727t00_04.tar,20110727
229,478M,ruc1320110728t20_23.tar,20110728
917,567M,ruc1320110728t10_14.tar,20110728
976,571M,ruc1320110728t05_09.tar,20110728
1058,578M,ruc1320110728t15_19.tar,20110728
1110,582M,ruc1320110728t00_04.tar,20110728
245,483M,ruc1320110729t20_23.tar,20110729
962,570M,ruc1320110729t05_09.tar,20110729
989,572M,ruc1320110729t10_14.tar,20110729
1123,583M,ruc1320110729t00_04.tar,20110729
1136,585M,ruc1320110729t15_19.tar,20110729
236,480M,ruc1320110730t20_23.tar,20110730
1018,574M,ruc1320110730t05_09.tar,20110730
1019,574M,ruc1320110730t10_14.tar,20110730
1137,585M,ruc1320110730t15_19.tar,20110730
1151,588M,ruc1320110730t00_04.tar,20110730
227,478M,ruc1320110731t20_23.tar,20110731
800,560M,ruc1320110731t10_14.tar,20110731
808,561M,ruc1320110731t05_09.tar,20110731
1025,575M,ruc1320110731t15_19.tar,20110731
1089,580M,ruc1320110731t00_04.tar,20110731
239,481M,ruc1320110801t20_23.tar,20110801
923,568M,ruc1320110801t05_09.tar,20110801
924,568M,ruc1320110801t10_14.tar,20110801
1107,582M,ruc1320110801t00_04.tar,20110801
1129,584M,ruc1320110801t15_19.tar,20110801
217,476M,ruc1320110802t20_23.tar,20110802
734,554M,ruc1320110802t10_14.tar,20110802
940,569M,ruc1320110802t05_09.tar,20110802
1037,576M,ruc1320110802t15_19.tar,20110802
1141,586M,ruc1320110802t00_04.tar,20110802
204,474M,ruc1320110803t20_23.tar,20110803
825,562M,ruc1320110803t10_14.tar,20110803
858,564M,ruc1320110803t05_09.tar,20110803
961,570M,ruc1320110803t15_19.tar,20110803
1100,581M,ruc1320110803t00_04.tar,20110803
228,478M,ruc1320110804t20_23.tar,20110804
809,561M,ruc1320110804t10_14.tar,20110804
838,563M,ruc1320110804t05_09.tar,20110804
1012,574M,ruc1320110804t15_19.tar,20110804
1090,580M,ruc1320110804t00_04.tar,20110804
250,486M,ruc1320110805t20_23.tar,20110805
839,563M,ruc1320110805t05_09.tar,20110805
893,566M,ruc1320110805t10_14.tar,20110805
1091,580M,ruc1320110805t00_04.tar,20110805
1142,586M,ruc1320110805t15_19.tar,20110805
973,571M,ruc1320110806t05_09.tar,20110806
1013,574M,ruc1320110806t10_14.tar,20110806
1150,588M,ruc1320110806t00_04.tar,20110806
235,480M,ruc1320110807t20_23.tar,20110807
999,573M,ruc1320110807t10_14.tar,20110807
1130,584M,ruc1320110807t15_19.tar,20110807
200,473M,ruc1320110808t20_23.tar,20110808
894,566M,ruc1320110808t05_09.tar,20110808
916,567M,ruc1320110808t10_14.tar,20110808
1050,577M,ruc1320110808t15_19.tar,20110808
1143,586M,ruc1320110808t00_04.tar,20110808
201,473M,ruc1320110810t20_23.tar,20110810
827,562M,ruc1320110810t05_09.tar,20110810
828,562M,ruc1320110810t10_14.tar,20110810
1000,573M,ruc1320110810t15_19.tar,20110810
211,475M,ruc1320110811t20_23.tar,20110811
787,559M,ruc1320110811t10_14.tar,20110811
829,562M,ruc1320110811t05_09.tar,20110811
1038,576M,ruc1320110811t15_19.tar,20110811
1073,579M,ruc1320110811t00_04.tar,20110811
1,10K,ruc1320110812t15_19.tar,20110812
2,10K,ruc1320110812t20_23.tar,20110812
132,448M,ruc1320110812t10_14.tar,20110812
811,561M,ruc1320110812t05_09.tar,20110812
1059,578M,ruc1320110812t00_04.tar,20110812
165,460M,ruc1320110813t00_04.tar,20110813
210,475M,ruc1320110813t20_23.tar,20110813
810,561M,ruc1320110813t05_09.tar,20110813
826,562M,ruc1320110813t10_14.tar,20110813
1014,574M,ruc1320110813t15_19.tar,20110813
224,477M,ruc1320110814t20_23.tar,20110814
873,565M,ruc1320110814t10_14.tar,20110814
1060,578M,ruc1320110814t00_04.tar,20110814
1074,579M,ruc1320110814t15_19.tar,20110814
218,476M,ruc1320110815t20_23.tar,20110815
987,572M,ruc1320110815t05_09.tar,20110815
988,572M,ruc1320110815t10_14.tar,20110815
1092,580M,ruc1320110815t15_19.tar,20110815
1131,584M,ruc1320110815t00_04.tar,20110815
175,464M,ruc1320110816t20_23.tar,20110816
801,560M,ruc1320110816t10_14.tar,20110816
840,563M,ruc1320110816t05_09.tar,20110816
859,564M,ruc1320110816t15_19.tar,20110816
1075,579M,ruc1320110816t00_04.tar,20110816
177,465M,ruc1320110817t20_23.tar,20110817
727,553M,ruc1320110817t05_09.tar,20110817
745,555M,ruc1320110817t10_14.tar,20110817
812,561M,ruc1320110817t15_19.tar,20110817
925,568M,ruc1320110817t00_04.tar,20110817
205,474M,ruc1320110818t20_23.tar,20110818
813,561M,ruc1320110818t05_09.tar,20110818
860,564M,ruc1320110818t10_14.tar,20110818
1001,573M,ruc1320110818t00_04.tar,20110818
1002,573M,ruc1320110818t15_19.tar,20110818
212,475M,ruc1320110819t20_23.tar,20110819
841,563M,ruc1320110819t10_14.tar,20110819
918,567M,ruc1320110819t05_09.tar,20110819
1015,574M,ruc1320110819t15_19.tar,20110819
1076,579M,ruc1320110819t00_04.tar,20110819
231,479M,ruc1320110820t20_23.tar,20110820
895,566M,ruc1320110820t05_09.tar,20110820
896,566M,ruc1320110820t10_14.tar,20110820
1077,579M,ruc1320110820t15_19.tar,20110820
1111,582M,ruc1320110820t00_04.tar,20110820
242,482M,ruc1320110821t20_23.tar,20110821
926,568M,ruc1320110821t05_09.tar,20110821
1003,573M,ruc1320110821t10_14.tar,20110821
1093,580M,ruc1320110821t00_04.tar,20110821
1144,586M,ruc1320110821t15_19.tar,20110821
253,486M,ruc1320110822t20_23.tar,20110822
1119,582M,ruc1320110822t05_09.tar,20110822
1120,582M,ruc1320110822t10_14.tar,20110822
1155,588M,ruc1320110822t00_04.tar,20110822
1158,589M,ruc1320110822t15_19.tar,20110822
233,479M,ruc1320110823t20_23.tar,20110823
996,572M,ruc1320110823t10_14.tar,20110823
1035,575M,ruc1320110823t05_09.tar,20110823
1121,582M,ruc1320110823t15_19.tar,20110823
1167,591M,ruc1320110823t00_04.tar,20110823
209,474M,ruc1320110824t20_23.tar,20110824
956,569M,ruc1320110824t10_14.tar,20110824
997,572M,ruc1320110824t05_09.tar,20110824
1069,578M,ruc1320110824t15_19.tar,20110824
1146,586M,ruc1320110824t00_04.tar,20110824
195,471M,ruc1320110825t20_23.tar,20110825
957,569M,ruc1320110825t05_09.tar,20110825
958,569M,ruc1320110825t10_14.tar,20110825
1024,574M,ruc1320110825t15_19.tar,20110825
1070,578M,ruc1320110825t00_04.tar,20110825
913,566M,ruc1320110826t10_14.tar,20110826
959,569M,ruc1320110826t05_09.tar,20110826
1071,578M,ruc1320110826t00_04.tar,20110826
199,472M,ruc1320110828t20_23.tar,20110828
985,571M,ruc1320110828t15_19.tar,20110828
196,471M,ruc1320110829t20_23.tar,20110829
892,565M,ruc1320110829t10_14.tar,20110829
960,569M,ruc1320110829t05_09.tar,20110829
998,572M,ruc1320110829t15_19.tar,20110829
1072,578M,ruc1320110829t00_04.tar,20110829
180,466M,ruc1320110830t20_23.tar,20110830
872,564M,ruc1320110830t10_14.tar,20110830
914,566M,ruc1320110830t05_09.tar,20110830
986,571M,ruc1320110830t15_19.tar,20110830
1036,575M,ruc1320110830t00_04.tar,20110830
192,470M,ruc1320110831t20_23.tar,20110831
911,566M,ruc1320110831t05_09.tar,20110831
952,569M,ruc1320110831t10_14.tar,20110831
994,572M,ruc1320110831t00_04.tar,20110831
1047,576M,ruc1320110831t15_19.tar,20110831
194,471M,ruc1320110901t20_23.tar,20110901
672,545M,ruc1320110901t00_04.tar,20110901
938,568M,ruc1320110901t05_09.tar,20110901
995,572M,ruc1320110901t10_14.tar,20110901
1097,580M,ruc1320110901t15_19.tar,20110901
198,472M,ruc1320110902t20_23.tar,20110902
953,569M,ruc1320110902t05_09.tar,20110902
1032,575M,ruc1320110902t10_14.tar,20110902
1048,576M,ruc1320110902t00_04.tar,20110902
1098,580M,ruc1320110902t15_19.tar,20110902
185,468M,ruc1320110903t20_23.tar,20110903
939,568M,ruc1320110903t05_09.tar,20110903
954,569M,ruc1320110903t10_14.tar,20110903
1033,575M,ruc1320110903t00_04.tar,20110903
1034,575M,ruc1320110903t15_19.tar,20110903
182,467M,ruc1320110904t20_23.tar,20110904
922,567M,ruc1320110904t05_09.tar,20110904
955,569M,ruc1320110904t10_14.tar,20110904
984,571M,ruc1320110904t00_04.tar,20110904
1049,576M,ruc1320110904t15_19.tar,20110904
149,456M,ruc1320110905t20_23.tar,20110905
852,563M,ruc1320110905t10_14.tar,20110905
889,565M,ruc1320110905t05_09.tar,20110905
912,566M,ruc1320110905t15_19.tar,20110905
1011,573M,ruc1320110905t00_04.tar,20110905
141,455M,ruc1320110906t20_23.tar,20110906
750,555M,ruc1320110906t05_09.tar,20110906
751,555M,ruc1320110906t10_14.tar,20110906
784,558M,ruc1320110906t15_19.tar,20110906
821,561M,ruc1320110906t00_04.tar,20110906
142,455M,ruc1320110907t20_23.tar,20110907
709,550M,ruc1320110907t05_09.tar,20110907
716,551M,ruc1320110907t10_14.tar,20110907
777,557M,ruc1320110907t15_19.tar,20110907
795,559M,ruc1320110907t00_04.tar,20110907
135,450M,ruc1320110908t20_23.tar,20110908
710,550M,ruc1320110908t10_14.tar,20110908
717,551M,ruc1320110908t15_19.tar,20110908
752,555M,ruc1320110908t05_09.tar,20110908
853,563M,ruc1320110908t00_04.tar,20110908
136,450M,ruc1320110909t20_23.tar,20110909
656,543M,ruc1320110909t10_14.tar,20110909
680,546M,ruc1320110909t05_09.tar,20110909
687,548M,ruc1320110909t15_19.tar,20110909
762,556M,ruc1320110909t00_04.tar,20110909
137,452M,ruc1320110910t20_23.tar,20110910
657,543M,ruc1320110910t05_09.tar,20110910
665,544M,ruc1320110910t10_14.tar,20110910
711,550M,ruc1320110910t15_19.tar,20110910
725,552M,ruc1320110910t00_04.tar,20110910
162,459M,ruc1320110911t20_23.tar,20110911
694,549M,ruc1320110911t05_09.tar,20110911
718,551M,ruc1320110911t10_14.tar,20110911
763,556M,ruc1320110911t00_04.tar,20110911
796,559M,ruc1320110911t15_19.tar,20110911
150,456M,ruc1320110912t20_23.tar,20110912
695,549M,ruc1320110912t10_14.tar,20110912
726,552M,ruc1320110912t05_09.tar,20110912
744,554M,ruc1320110912t15_19.tar,20110912
822,561M,ruc1320110912t00_04.tar,20110912
156,458M,ruc1320110913t20_23.tar,20110913
719,551M,ruc1320110913t05_09.tar,20110913
731,553M,ruc1320110913t10_14.tar,20110913
797,559M,ruc1320110913t00_04.tar,20110913
798,559M,ruc1320110913t15_19.tar,20110913
171,461M,ruc1320110914t20_23.tar,20110914
732,553M,ruc1320110914t05_09.tar,20110914
733,553M,ruc1320110914t10_14.tar,20110914
823,561M,ruc1320110914t15_19.tar,20110914
854,563M,ruc1320110914t00_04.tar,20110914
153,457M,ruc1320110915t20_23.tar,20110915
753,555M,ruc1320110915t05_09.tar,20110915
754,555M,ruc1320110915t10_14.tar,20110915
824,561M,ruc1320110915t15_19.tar,20110915
837,562M,ruc1320110915t00_04.tar,20110915
163,459M,ruc1320110918t20_23.tar,20110918
755,555M,ruc1320110918t05_09.tar,20110918
785,558M,ruc1320110918t10_14.tar,20110918
855,563M,ruc1320110918t00_04.tar,20110918
890,565M,ruc1320110918t15_19.tar,20110918
157,458M,ruc1320110919t20_23.tar,20110919
764,556M,ruc1320110919t05_09.tar,20110919
765,556M,ruc1320110919t10_14.tar,20110919
807,560M,ruc1320110919t15_19.tar,20110919
856,563M,ruc1320110919t00_04.tar,20110919
164,459M,ruc1320110920t20_23.tar,20110920
766,556M,ruc1320110920t05_09.tar,20110920
786,558M,ruc1320110920t10_14.tar,20110920
871,564M,ruc1320110920t00_04.tar,20110920
891,565M,ruc1320110920t15_19.tar,20110920
167,460M,ruc1320110921t20_23.tar,20110921
833,562M,ruc1320110921t05_09.tar,20110921
845,563M,ruc1320110921t00_04.tar,20110921
846,563M,ruc1320110921t10_14.tar,20110921
935,568M,ruc1320110921t15_19.tar,20110921
183,468M,ruc1320110922t20_23.tar,20110922
884,565M,ruc1320110922t05_09.tar,20110922
951,569M,ruc1320110922t10_14.tar,20110922
971,570M,ruc1320110922t00_04.tar,20110922
1067,578M,ruc1320110922t15_19.tar,20110922
184,468M,ruc1320110923t20_23.tar,20110923
972,570M,ruc1320110923t10_14.tar,20110923
1010,573M,ruc1320110923t05_09.tar,20110923
1046,576M,ruc1320110923t15_19.tar,20110923
1088,579M,ruc1320110923t00_04.tar,20110923
152,457M,ruc1320110924t20_23.tar,20110924
850,563M,ruc1320110924t10_14.tar,20110924
868,564M,ruc1320110924t05_09.tar,20110924
887,565M,ruc1320110924t15_19.tar,20110924
1023,574M,ruc1320110924t00_04.tar,20110924
138,453M,ruc1320110925t20_23.tar,20110925
773,557M,ruc1320110925t05_09.tar,20110925
793,559M,ruc1320110925t15_19.tar,20110925
805,560M,ruc1320110925t10_14.tar,20110925
869,564M,ruc1320110925t00_04.tar,20110925
147,456M,ruc1320110926t20_23.tar,20110926
774,557M,ruc1320110926t05_09.tar,20110926
794,559M,ruc1320110926t10_14.tar,20110926
834,562M,ruc1320110926t00_04.tar,20110926
835,562M,ruc1320110926t15_19.tar,20110926
155,458M,ruc1320110927t20_23.tar,20110927
775,557M,ruc1320110927t05_09.tar,20110927
776,557M,ruc1320110927t10_14.tar,20110927
806,560M,ruc1320110927t00_04.tar,20110927
836,562M,ruc1320110927t15_19.tar,20110927
148,456M,ruc1320110928t20_23.tar,20110928
730,553M,ruc1320110928t10_14.tar,20110928
743,554M,ruc1320110928t05_09.tar,20110928
783,558M,ruc1320110928t15_19.tar,20110928
851,563M,ruc1320110928t00_04.tar,20110928
188,469M,ruc1320110929t20_23.tar,20110929
870,564M,ruc1320110929t05_09.tar,20110929
888,565M,ruc1320110929t00_04.tar,20110929
937,568M,ruc1320110929t10_14.tar,20110929
1068,578M,ruc1320110929t15_19.tar,20110929
144,456M,ruc1320110930t20_23.tar,20110930
883,565M,ruc1320110930t15_19.tar,20110930
909,566M,ruc1320110930t10_14.tar,20110930
1009,573M,ruc1320110930t05_09.tar,20110930
1066,578M,ruc1320110930t00_04.tar,20110930
126,441M,ruc1320111001t20_23.tar,20111001
675,546M,ruc1320111001t15_19.tar,20111001
691,549M,ruc1320111001t10_14.tar,20111001
700,550M,ruc1320111001t05_09.tar,20111001
782,558M,ruc1320111001t00_04.tar,20111001
128,444M,ruc1320111002t20_23.tar,20111002
637,541M,ruc1320111002t05_09.tar,20111002
651,543M,ruc1320111002t00_04.tar,20111002
652,543M,ruc1320111002t10_14.tar,20111002
676,546M,ruc1320111002t15_19.tar,20111002
130,447M,ruc1320111003t20_23.tar,20111003
682,547M,ruc1320111003t05_09.tar,20111003
701,550M,ruc1320111003t00_04.tar,20111003
702,550M,ruc1320111003t10_14.tar,20111003
703,550M,ruc1320111003t15_19.tar,20111003
131,447M,ruc1320111004t20_23.tar,20111004
692,549M,ruc1320111004t05_09.tar,20111004
693,549M,ruc1320111004t10_14.tar,20111004
741,554M,ruc1320111004t00_04.tar,20111004
742,554M,ruc1320111004t15_19.tar,20111004
129,445M,ruc1320111006t20_23.tar,20111006
607,537M,ruc1320111006t05_09.tar,20111006
621,539M,ruc1320111006t10_14.tar,20111006
653,543M,ruc1320111006t00_04.tar,20111006
686,548M,ruc1320111006t15_19.tar,20111006
677,546M,ruc1320111007t05_09.tar,20111007
678,546M,ruc1320111007t10_14.tar,20111007
704,550M,ruc1320111007t00_04.tar,20111007
145,456M,ruc1320111009t20_23.tar,20111009
847,563M,ruc1320111009t15_19.tar,20111009
139,454M,ruc1320111010t20_23.tar,20111010
770,557M,ruc1320111010t05_09.tar,20111010
771,557M,ruc1320111010t10_14.tar,20111010
818,561M,ruc1320111010t15_19.tar,20111010
848,563M,ruc1320111010t00_04.tar,20111010
146,456M,ruc1320111011t20_23.tar,20111011
791,559M,ruc1320111011t05_09.tar,20111011
792,559M,ruc1320111011t10_14.tar,20111011
819,561M,ruc1320111011t00_04.tar,20111011
820,561M,ruc1320111011t15_19.tar,20111011
170,461M,ruc1320111012t20_23.tar,20111012
849,563M,ruc1320111012t05_09.tar,20111012
885,565M,ruc1320111012t00_04.tar,20111012
886,565M,ruc1320111012t10_14.tar,20111012
982,571M,ruc1320111012t15_19.tar,20111012
140,455M,ruc1320111013t20_23.tar,20111013
867,564M,ruc1320111013t15_19.tar,20111013
910,566M,ruc1320111013t10_14.tar,20111013
936,568M,ruc1320111013t05_09.tar,20111013
983,571M,ruc1320111013t00_04.tar,20111013
133,448M,ruc1320111014t20_23.tar,20111014
705,550M,ruc1320111014t05_09.tar,20111014
706,550M,ruc1320111014t10_14.tar,20111014
760,556M,ruc1320111014t15_19.tar,20111014
772,557M,ruc1320111014t00_04.tar,20111014
127,442M,ruc1320111015t20_23.tar,20111015
707,550M,ruc1320111015t10_14.tar,20111015
708,550M,ruc1320111015t15_19.tar,20111015
724,552M,ruc1320111015t05_09.tar,20111015
761,556M,ruc1320111015t00_04.tar,20111015
124,437M,ruc1320111016t20_23.tar,20111016
654,543M,ruc1320111016t05_09.tar,20111016
655,543M,ruc1320111016t10_14.tar,20111016
664,544M,ruc1320111016t15_19.tar,20111016
679,546M,ruc1320111016t00_04.tar,20111016
120,435M,ruc1320111017t20_23.tar,20111017
629,540M,ruc1320111017t00_04.tar,20111017
647,542M,ruc1320111017t05_09.tar,20111017
671,545M,ruc1320111017t15_19.tar,20111017
683,547M,ruc1320111017t10_14.tar,20111017
113,432M,ruc1320111018t20_23.tar,20111018
588,535M,ruc1320111018t05_09.tar,20111018
592,536M,ruc1320111018t10_14.tar,20111018
608,537M,ruc1320111018t00_04.tar,20111018
609,537M,ruc1320111018t15_19.tar,20111018
114,432M,ruc1320111019t20_23.tar,20111019
593,536M,ruc1320111019t00_04.tar,20111019
622,539M,ruc1320111019t05_09.tar,20111019
630,540M,ruc1320111019t15_19.tar,20111019
638,541M,ruc1320111019t10_14.tar,20111019
101,427M,ruc1320111020t20_23.tar,20111020
566,533M,ruc1320111020t15_19.tar,20111020
610,537M,ruc1320111020t10_14.tar,20111020
631,540M,ruc1320111020t00_04.tar,20111020
632,540M,ruc1320111020t05_09.tar,20111020
79,420M,ruc1320111021t20_23.tar,20111021
370,520M,ruc1320111021t15_19.tar,20111021
452,524M,ruc1320111021t10_14.tar,20111021
467,525M,ruc1320111021t05_09.tar,20111021
504,528M,ruc1320111021t00_04.tar,20111021
103,428M,ruc1320111022t20_23.tar,20111022
406,522M,ruc1320111022t05_09.tar,20111022
429,523M,ruc1320111022t00_04.tar,20111022
499,528M,ruc1320111022t10_14.tar,20111022
514,529M,ruc1320111022t15_19.tar,20111022
110,430M,ruc1320111023t20_23.tar,20111023
563,533M,ruc1320111023t15_19.tar,20111023
584,535M,ruc1320111023t00_04.tar,20111023
585,535M,ruc1320111023t05_09.tar,20111023
591,536M,ruc1320111023t10_14.tar,20111023
107,429M,ruc1320111024t20_23.tar,20111024
502,528M,ruc1320111024t05_09.tar,20111024
554,532M,ruc1320111024t00_04.tar,20111024
555,532M,ruc1320111024t10_14.tar,20111024
556,532M,ruc1320111024t15_19.tar,20111024
97,425M,ruc1320111025t20_23.tar,20111025
451,524M,ruc1320111025t15_19.tar,20111025
503,528M,ruc1320111025t10_14.tar,20111025
527,530M,ruc1320111025t05_09.tar,20111025
557,532M,ruc1320111025t00_04.tar,20111025
112,431M,ruc1320111026t20_23.tar,20111026
517,529M,ruc1320111026t00_04.tar,20111026
518,529M,ruc1320111026t05_09.tar,20111026
575,534M,ruc1320111026t15_19.tar,20111026
586,535M,ruc1320111026t10_14.tar,20111026
111,430M,ruc1320111027t20_23.tar,20111027
605,537M,ruc1320111027t05_09.tar,20111027
606,537M,ruc1320111027t15_19.tar,20111027
613,538M,ruc1320111027t00_04.tar,20111027
614,538M,ruc1320111027t10_14.tar,20111027
123,437M,ruc1320111028t20_23.tar,20111028
587,535M,ruc1320111028t00_04.tar,20111028
620,539M,ruc1320111028t05_09.tar,20111028
628,540M,ruc1320111028t10_14.tar,20111028
636,541M,ruc1320111028t15_19.tar,20111028
670,545M,ruc1320111029t00_04.tar,20111029
681,547M,ruc1320111029t05_09.tar,20111029
481,526M,ruc1320111031t15_19.tar,20111031
498,528M,ruc1320111031t10_14.tar,20111031
54,416M,ruc1320111101t20_23.tar,20111101
352,519M,ruc1320111101t15_19.tar,20111101
428,523M,ruc1320111101t10_14.tar,20111101
448,524M,ruc1320111101t05_09.tar,20111101
464,525M,ruc1320111101t00_04.tar,20111101
99,427M,ruc1320111102t20_23.tar,20111102
368,520M,ruc1320111102t00_04.tar,20111102
407,522M,ruc1320111102t05_09.tar,20111102
515,529M,ruc1320111102t10_14.tar,20111102
550,532M,ruc1320111102t15_19.tar,20111102
104,428M,ruc1320111103t20_23.tar,20111103
533,531M,ruc1320111103t00_04.tar,20111103
551,532M,ruc1320111103t05_09.tar,20111103
600,537M,ruc1320111103t10_14.tar,20111103
601,537M,ruc1320111103t15_19.tar,20111103
109,430M,ruc1320111104t20_23.tar,20111104
534,531M,ruc1320111104t05_09.tar,20111104
552,532M,ruc1320111104t00_04.tar,20111104
561,533M,ruc1320111104t10_14.tar,20111104
573,534M,ruc1320111104t15_19.tar,20111104
77,420M,ruc1320111106t20_23.tar,20111106
369,520M,ruc1320111106t05_09.tar,20111106
386,521M,ruc1320111106t00_04.tar,20111106
449,524M,ruc1320111106t10_14.tar,20111106
450,524M,ruc1320111106t15_19.tar,20111106
87,421M,ruc1320111108t20_23.tar,20111108
465,525M,ruc1320111108t15_19.tar,20111108
516,529M,ruc1320111108t10_14.tar,20111108
526,530M,ruc1320111108t05_09.tar,20111108
553,532M,ruc1320111108t00_04.tar,20111108
96,425M,ruc1320111109t20_23.tar,20111109
482,526M,ruc1320111109t00_04.tar,20111109
483,526M,ruc1320111109t05_09.tar,20111109
535,531M,ruc1320111109t10_14.tar,20111109
536,531M,ruc1320111109t15_19.tar,20111109
122,436M,ruc1320111110t20_23.tar,20111110
562,533M,ruc1320111110t00_04.tar,20111110
590,536M,ruc1320111110t05_09.tar,20111110
641,542M,ruc1320111110t10_14.tar,20111110
685,548M,ruc1320111110t15_19.tar,20111110
105,428M,ruc1320111111t20_23.tar,20111111
602,537M,ruc1320111111t15_19.tar,20111111
642,542M,ruc1320111111t10_14.tar,20111111
661,544M,ruc1320111111t05_09.tar,20111111
669,545M,ruc1320111111t00_04.tar,20111111
117,434M,ruc1320111112t20_23.tar,20111112
603,537M,ruc1320111112t00_04.tar,20111112
626,540M,ruc1320111112t05_09.tar,20111112
643,542M,ruc1320111112t15_19.tar,20111112
662,544M,ruc1320111112t10_14.tar,20111112
125,441M,ruc1320111113t20_23.tar,20111113
644,542M,ruc1320111113t00_04.tar,20111113
650,543M,ruc1320111113t05_09.tar,20111113
663,544M,ruc1320111113t10_14.tar,20111113
689,549M,ruc1320111113t15_19.tar,20111113
119,435M,ruc1320111114t20_23.tar,20111114
627,540M,ruc1320111114t10_14.tar,20111114
645,542M,ruc1320111114t05_09.tar,20111114
646,542M,ruc1320111114t15_19.tar,20111114
690,549M,ruc1320111114t00_04.tar,20111114
93,423M,ruc1320111115t20_23.tar,20111115
537,531M,ruc1320111115t10_14.tar,20111115
538,531M,ruc1320111115t15_19.tar,20111115
564,533M,ruc1320111115t05_09.tar,20111115
612,538M,ruc1320111115t00_04.tar,20111115
78,420M,ruc1320111116t20_23.tar,20111116
387,521M,ruc1320111116t05_09.tar,20111116
408,522M,ruc1320111116t10_14.tar,20111116
409,522M,ruc1320111116t15_19.tar,20111116
466,525M,ruc1320111116t00_04.tar,20111116
94,423M,ruc1320111117t20_23.tar,20111117
500,528M,ruc1320111117t00_04.tar,20111117
539,531M,ruc1320111117t05_09.tar,20111117
540,531M,ruc1320111117t15_19.tar,20111117
565,533M,ruc1320111117t10_14.tar,20111117
72,419M,ruc1320111118t20_23.tar,20111118
410,522M,ruc1320111118t15_19.tar,20111118
484,526M,ruc1320111118t05_09.tar,20111118
485,526M,ruc1320111118t10_14.tar,20111118
490,527M,ruc1320111118t00_04.tar,20111118
100,427M,ruc1320111119t20_23.tar,20111119
501,528M,ruc1320111119t00_04.tar,20111119
541,531M,ruc1320111119t05_09.tar,20111119
574,534M,ruc1320111119t10_14.tar,20111119
604,537M,ruc1320111119t15_19.tar,20111119
121,436M,ruc1320111122t20_23.tar,20111122
542,532M,ruc1320111122t00_04.tar,20111122
568,534M,ruc1320111122t05_09.tar,20111122
623,540M,ruc1320111122t10_14.tar,20111122
639,542M,ruc1320111122t15_19.tar,20111122
115,433M,ruc1320111123t20_23.tar,20111123
648,543M,ruc1320111123t00_04.tar,20111123
649,543M,ruc1320111123t05_09.tar,20111123
673,546M,ruc1320111123t15_19.tar,20111123
696,550M,ruc1320111123t10_14.tar,20111123
88,422M,ruc1320111124t20_23.tar,20111124
523,530M,ruc1320111124t15_19.tar,20111124
577,535M,ruc1320111124t10_14.tar,20111124
596,537M,ruc1320111124t05_09.tar,20111124
615,539M,ruc1320111124t00_04.tar,20111124
58,417M,ruc1320111125t20_23.tar,20111125
362,520M,ruc1320111125t05_09.tar,20111125
363,520M,ruc1320111125t15_19.tar,20111125
376,521M,ruc1320111125t10_14.tar,20111125
415,523M,ruc1320111125t00_04.tar,20111125
118,435M,ruc1320111127t20_23.tar,20111127
597,537M,ruc1320111127t00_04.tar,20111127
633,541M,ruc1320111127t05_09.tar,20111127
658,544M,ruc1320111127t15_19.tar,20111127
666,545M,ruc1320111127t10_14.tar,20111127
64,418M,ruc1320111128t20_23.tar,20111128
508,529M,ruc1320111128t15_19.tar,20111128
578,535M,ruc1320111128t10_14.tar,20111128
616,539M,ruc1320111128t05_09.tar,20111128
640,542M,ruc1320111128t00_04.tar,20111128
59,417M,ruc1320111129t20_23.tar,20111129
345,519M,ruc1320111129t05_09.tar,20111129
364,520M,ruc1320111129t00_04.tar,20111129
437,524M,ruc1320111129t10_14.tar,20111129
453,525M,ruc1320111129t15_19.tar,20111129
32,409M,ruc1320111130t20_23.tar,20111130
304,515M,ruc1320111130t15_19.tar,20111130
342,519M,ruc1320111130t05_09.tar,20111130
343,519M,ruc1320111130t10_14.tar,20111130
353,520M,ruc1320111130t00_04.tar,20111130
46,415M,ruc1320111201t20_23.tar,20111201
278,510M,ruc1320111201t05_09.tar,20111201
282,511M,ruc1320111201t00_04.tar,20111201
296,514M,ruc1320111201t10_14.tar,20111201
305,515M,ruc1320111201t15_19.tar,20111201
47,415M,ruc1320111202t20_23.tar,20111202
354,520M,ruc1320111202t00_04.tar,20111202
355,520M,ruc1320111202t05_09.tar,20111202
388,522M,ruc1320111202t15_19.tar,20111202
430,524M,ruc1320111202t10_14.tar,20111202
50,416M,ruc1320111203t20_23.tar,20111203
313,516M,ruc1320111203t05_09.tar,20111203
329,518M,ruc1320111203t00_04.tar,20111203
356,520M,ruc1320111203t10_14.tar,20111203
371,521M,ruc1320111203t15_19.tar,20111203
55,417M,ruc1320111204t20_23.tar,20111204
357,520M,ruc1320111204t00_04.tar,20111204
372,521M,ruc1320111204t05_09.tar,20111204
389,522M,ruc1320111204t15_19.tar,20111204
411,523M,ruc1320111204t10_14.tar,20111204
56,417M,ruc1320111205t20_23.tar,20111205
390,522M,ruc1320111205t00_04.tar,20111205
391,522M,ruc1320111205t15_19.tar,20111205
412,523M,ruc1320111205t05_09.tar,20111205
431,524M,ruc1320111205t10_14.tar,20111205
89,423M,ruc1320111206t20_23.tar,20111206
468,526M,ruc1320111206t00_04.tar,20111206
528,531M,ruc1320111206t05_09.tar,20111206
567,534M,ruc1320111206t10_14.tar,20111206
576,535M,ruc1320111206t15_19.tar,20111206
33,410M,ruc1320111207t20_23.tar,20111207
358,520M,ruc1320111207t15_19.tar,20111207
486,527M,ruc1320111207t10_14.tar,20111207
505,529M,ruc1320111207t05_09.tar,20111207
519,530M,ruc1320111207t00_04.tar,20111207
27,403M,ruc1320111208t20_23.tar,20111208
265,506M,ruc1320111208t15_19.tar,20111208
271,508M,ruc1320111208t05_09.tar,20111208
273,509M,ruc1320111208t10_14.tar,20111208
279,510M,ruc1320111208t00_04.tar,20111208
38,412M,ruc1320111209t20_23.tar,20111209
267,507M,ruc1320111209t00_04.tar,20111209
274,509M,ruc1320111209t05_09.tar,20111209
288,512M,ruc1320111209t10_14.tar,20111209
306,515M,ruc1320111209t15_19.tar,20111209
62,418M,ruc1320111210t20_23.tar,20111210
359,520M,ruc1320111210t00_04.tar,20111210
392,522M,ruc1320111210t05_09.tar,20111210
413,523M,ruc1320111210t15_19.tar,20111210
432,524M,ruc1320111210t10_14.tar,20111210
73,420M,ruc1320111213t20_23.tar,20111213
506,529M,ruc1320111213t10_14.tar,20111213
520,530M,ruc1320111213t05_09.tar,20111213
521,530M,ruc1320111213t15_19.tar,20111213
543,532M,ruc1320111213t00_04.tar,20111213
67,419M,ruc1320111214t20_23.tar,20111214
393,522M,ruc1320111214t00_04.tar,20111214
394,522M,ruc1320111214t05_09.tar,20111214
433,524M,ruc1320111214t10_14.tar,20111214
487,527M,ruc1320111214t15_19.tar,20111214
57,417M,ruc1320111215t20_23.tar,20111215
373,521M,ruc1320111215t10_14.tar,20111215
374,521M,ruc1320111215t15_19.tar,20111215
395,522M,ruc1320111215t05_09.tar,20111215
434,524M,ruc1320111215t00_04.tar,20111215
63,418M,ruc1320111216t20_23.tar,20111216
360,520M,ruc1320111216t05_09.tar,20111216
375,521M,ruc1320111216t00_04.tar,20111216
396,522M,ruc1320111216t10_14.tar,20111216
435,524M,ruc1320111216t15_19.tar,20111216
74,420M,ruc1320111217t20_23.tar,20111217
436,524M,ruc1320111217t00_04.tar,20111217
469,526M,ruc1320111217t05_09.tar,20111217
470,526M,ruc1320111217t15_19.tar,20111217
491,528M,ruc1320111217t10_14.tar,20111217
29,407M,ruc1320111218t20_23.tar,20111218
283,511M,ruc1320111218t15_19.tar,20111218
314,516M,ruc1320111218t10_14.tar,20111218
344,519M,ruc1320111218t05_09.tar,20111218
414,523M,ruc1320111218t00_04.tar,20111218
80,421M,ruc1320111219t20_23.tar,20111219
260,503M,ruc1320111219t05_09.tar,20111219
262,505M,ruc1320111219t00_04.tar,20111219
284,511M,ruc1320111219t10_14.tar,20111219
361,520M,ruc1320111219t15_19.tar,20111219
106,429M,ruc1320111220t20_23.tar,20111220
522,530M,ruc1320111220t00_04.tar,20111220
569,534M,ruc1320111220t05_09.tar,20111220
594,537M,ruc1320111220t10_14.tar,20111220
595,537M,ruc1320111220t15_19.tar,20111220
68,419M,ruc1320111221t20_23.tar,20111221
471,526M,ruc1320111221t15_19.tar,20111221
492,528M,ruc1320111221t10_14.tar,20111221
507,529M,ruc1320111221t05_09.tar,20111221
544,532M,ruc1320111221t00_04.tar,20111221
44,414M,ruc1320111222t20_23.tar,20111222
327,517M,ruc1320111222t10_14.tar,20111222
334,518M,ruc1320111222t05_09.tar,20111222
347,519M,ruc1320111222t15_19.tar,20111222
366,520M,ruc1320111222t00_04.tar,20111222
60,417M,ruc1320111223t20_23.tar,20111223
381,521M,ruc1320111223t00_04.tar,20111223
382,521M,ruc1320111223t05_09.tar,20111223
383,521M,ruc1320111223t10_14.tar,20111223
442,524M,ruc1320111223t15_19.tar,20111223
66,418M,ruc1320111224t20_23.tar,20111224
385,521M,ruc1320111224t00_04.tar,20111224
426,523M,ruc1320111224t05_09.tar,20111224
427,523M,ruc1320111224t15_19.tar,20111224
445,524M,ruc1320111224t10_14.tar,20111224
95,425M,ruc1320111225t20_23.tar,20111225
446,524M,ruc1320111225t00_04.tar,20111225
447,524M,ruc1320111225t05_09.tar,20111225
479,526M,ruc1320111225t10_14.tar,20111225
524,530M,ruc1320111225t15_19.tar,20111225
91,423M,ruc1320111226t20_23.tar,20111226
529,531M,ruc1320111226t15_19.tar,20111226
559,533M,ruc1320111226t00_04.tar,20111226
581,535M,ruc1320111226t10_14.tar,20111226
589,536M,ruc1320111226t05_09.tar,20111226
98,427M,ruc1320111227t20_23.tar,20111227
525,530M,ruc1320111227t00_04.tar,20111227
530,531M,ruc1320111227t05_09.tar,20111227
571,534M,ruc1320111227t10_14.tar,20111227
572,534M,ruc1320111227t15_19.tar,20111227
92,423M,ruc1320111228t20_23.tar,20111228
548,532M,ruc1320111228t00_04.tar,20111228
549,532M,ruc1320111228t05_09.tar,20111228
560,533M,ruc1320111228t15_19.tar,20111228
582,535M,ruc1320111228t10_14.tar,20111228
86,421M,ruc1320111229t20_23.tar,20111229
459,525M,ruc1320111229t00_04.tar,20111229
460,525M,ruc1320111229t05_09.tar,20111229
480,526M,ruc1320111229t15_19.tar,20111229
531,531M,ruc1320111229t10_14.tar,20111229
61,417M,ruc1320111230t20_23.tar,20111230
405,522M,ruc1320111230t15_19.tar,20111230
461,525M,ruc1320111230t00_04.tar,20111230
462,525M,ruc1320111230t05_09.tar,20111230
463,525M,ruc1320111230t10_14.tar,20111230
48,415M,ruc1320111231t20_23.tar,20111231
399,522M,ruc1320111231t00_04.tar,20111231
420,523M,ruc1320111231t15_19.tar,20111231
441,524M,ruc1320111231t05_09.tar,20111231
474,526M,ruc1320111231t10_14.tar,20111231
69,419M,ruc1320120103t20_23.tar,20120103
421,523M,ruc1320120103t00_04.tar,20120103
494,528M,ruc1320120103t15_19.tar,20120103
509,529M,ruc1320120103t05_09.tar,20120103
545,532M,ruc1320120103t10_14.tar,20120103
45,414M,ruc1320120104t20_23.tar,20120104
348,519M,ruc1320120104t15_19.tar,20120104
367,520M,ruc1320120104t05_09.tar,20120104
379,521M,ruc1320120104t10_14.tar,20120104
422,523M,ruc1320120104t00_04.tar,20120104
52,416M,ruc1320120105t20_23.tar,20120105
328,517M,ruc1320120105t00_04.tar,20120105
335,518M,ruc1320120105t05_09.tar,20120105
336,518M,ruc1320120105t15_19.tar,20120105
400,522M,ruc1320120105t10_14.tar,20120105
26,400M,ruc1320120106t20_23.tar,20120106
261,503M,ruc1320120106t15_19.tar,20120106
263,505M,ruc1320120106t10_14.tar,20120106
270,507M,ruc1320120106t05_09.tar,20120106
308,515M,ruc1320120106t00_04.tar,20120106
31,408M,ruc1320120107t20_23.tar,20120107
255,498M,ruc1320120107t00_04.tar,20120107
256,500M,ruc1320120107t05_09.tar,20120107
264,505M,ruc1320120107t10_14.tar,20120107
266,506M,ruc1320120107t15_19.tar,20120107
53,416M,ruc1320120108t20_23.tar,20120108
287,511M,ruc1320120108t00_04.tar,20120108
290,512M,ruc1320120108t05_09.tar,20120108
316,516M,ruc1320120108t10_14.tar,20120108
337,518M,ruc1320120108t15_19.tar,20120108
102,428M,ruc1320120109t20_23.tar,20120109
475,526M,ruc1320120109t00_04.tar,20120109
495,528M,ruc1320120109t05_09.tar,20120109
579,535M,ruc1320120109t15_19.tar,20120109
70,419M,ruc1320120110t20_23.tar,20120110
510,529M,ruc1320120110t15_19.tar,20120110
546,532M,ruc1320120110t00_04.tar,20120110
570,534M,ruc1320120110t10_14.tar,20120110
580,535M,ruc1320120110t05_09.tar,20120110
76,420M,ruc1320120111t20_23.tar,20120111
380,521M,ruc1320120111t05_09.tar,20120111
423,523M,ruc1320120111t00_04.tar,20120111
424,523M,ruc1320120111t10_14.tar,20120111
476,526M,ruc1320120111t15_19.tar,20120111
82,421M,ruc1320120112t20_23.tar,20120112
401,522M,ruc1320120112t05_09.tar,20120112
425,523M,ruc1320120112t10_14.tar,20120112
454,525M,ruc1320120112t00_04.tar,20120112
489,527M,ruc1320120112t15_19.tar,20120112
83,421M,ruc1320120113t20_23.tar,20120113
477,526M,ruc1320120113t00_04.tar,20120113
496,528M,ruc1320120113t05_09.tar,20120113
511,529M,ruc1320120113t15_19.tar,20120113
547,532M,ruc1320120113t10_14.tar,20120113
39,412M,ruc1320120114t20_23.tar,20120114
338,518M,ruc1320120114t15_19.tar,20120114
349,519M,ruc1320120114t05_09.tar,20120114
402,522M,ruc1320120114t00_04.tar,20120114
403,522M,ruc1320120114t10_14.tar,20120114
37,411M,ruc1320120115t20_23.tar,20120115
302,514M,ruc1320120115t15_19.tar,20120115
317,516M,ruc1320120115t00_04.tar,20120115
318,516M,ruc1320120115t05_09.tar,20120115
339,518M,ruc1320120115t10_14.tar,20120115
49,415M,ruc1320120116t20_23.tar,20120116
309,515M,ruc1320120116t00_04.tar,20120116
319,516M,ruc1320120116t05_09.tar,20120116
340,518M,ruc1320120116t15_19.tar,20120116
350,519M,ruc1320120116t10_14.tar,20120116
40,412M,ruc1320120117t20_23.tar,20120117
303,514M,ruc1320120117t10_14.tar,20120117
310,515M,ruc1320120117t05_09.tar,20120117
311,515M,ruc1320120117t15_19.tar,20120117
341,518M,ruc1320120117t00_04.tar,20120117
84,421M,ruc1320120118t20_23.tar,20120118
295,513M,ruc1320120118t00_04.tar,20120118
312,515M,ruc1320120118t05_09.tar,20120118
384,521M,ruc1320120118t10_14.tar,20120118
455,525M,ruc1320120118t15_19.tar,20120118
71,419M,ruc1320120119t20_23.tar,20120119
443,524M,ruc1320120119t00_04.tar,20120119
444,524M,ruc1320120119t05_09.tar,20120119
456,525M,ruc1320120119t10_14.tar,20120119
478,526M,ruc1320120119t15_19.tar,20120119
85,421M,ruc1320120120t20_23.tar,20120120
320,516M,ruc1320120120t05_09.tar,20120120
351,519M,ruc1320120120t00_04.tar,20120120
404,522M,ruc1320120120t10_14.tar,20120120
457,525M,ruc1320120120t15_19.tar,20120120
116,434M,ruc1320120122t20_23.tar,20120122
598,537M,ruc1320120122t05_09.tar,20120122
599,537M,ruc1320120122t10_14.tar,20120122
617,539M,ruc1320120122t00_04.tar,20120122
624,540M,ruc1320120122t15_19.tar,20120122
108,430M,ruc1320120125t20_23.tar,20120125
618,539M,ruc1320120125t10_14.tar,20120125
619,539M,ruc1320120125t15_19.tar,20120125
625,540M,ruc1320120125t05_09.tar,20120125
634,541M,ruc1320120125t00_04.tar,20120125
65,418M,ruc1320120126t20_23.tar,20120126
458,525M,ruc1320120126t15_19.tar,20120126
512,529M,ruc1320120126t05_09.tar,20120126
513,529M,ruc1320120126t10_14.tar,20120126
558,533M,ruc1320120126t00_04.tar,20120126
34,410M,ruc1320120127t20_23.tar,20120127
321,517M,ruc1320120127t15_19.tar,20120127
365,520M,ruc1320120127t05_09.tar,20120127
377,521M,ruc1320120127t10_14.tar,20120127
398,522M,ruc1320120127t00_04.tar,20120127
28,403M,ruc1320120128t20_23.tar,20120128
257,501M,ruc1320120128t05_09.tar,20120128
258,501M,ruc1320120128t10_14.tar,20120128
259,501M,ruc1320120128t15_19.tar,20120128
268,507M,ruc1320120128t00_04.tar,20120128
36,411M,ruc1320120129t20_23.tar,20120129
272,508M,ruc1320120129t00_04.tar,20120129
285,511M,ruc1320120129t05_09.tar,20120129
291,513M,ruc1320120129t10_14.tar,20120129
292,513M,ruc1320120129t15_19.tar,20120129
30,408M,ruc1320120130t20_23.tar,20120130
275,509M,ruc1320120130t15_19.tar,20120130
280,510M,ruc1320120130t05_09.tar,20120130
281,510M,ruc1320120130t10_14.tar,20120130
293,513M,ruc1320120130t00_04.tar,20120130
41,413M,ruc1320120131t20_23.tar,20120131
269,507M,ruc1320120131t05_09.tar,20120131
276,509M,ruc1320120131t00_04.tar,20120131
277,509M,ruc1320120131t10_14.tar,20120131
286,511M,ruc1320120131t15_19.tar,20120131
43,414M,ruc1320120201t20_23.tar,20120201
294,513M,ruc1320120201t10_14.tar,20120201
300,514M,ruc1320120201t00_04.tar,20120201
301,514M,ruc1320120201t05_09.tar,20120201
307,515M,ruc1320120201t15_19.tar,20120201
51,416M,ruc1320120202t20_23.tar,20120202
324,517M,ruc1320120202t05_09.tar,20120202
325,517M,ruc1320120202t10_14.tar,20120202
326,517M,ruc1320120202t15_19.tar,20120202
333,518M,ruc1320120202t00_04.tar,20120202
90,423M,ruc1320120203t20_23.tar,20120203
417,523M,ruc1320120203t00_04.tar,20120203
418,523M,ruc1320120203t05_09.tar,20120203
439,524M,ruc1320120203t10_14.tar,20120203
488,527M,ruc1320120203t15_19.tar,20120203
75,420M,ruc1320120204t20_23.tar,20120204
419,523M,ruc1320120204t05_09.tar,20120204
440,524M,ruc1320120204t10_14.tar,20120204
472,526M,ruc1320120204t00_04.tar,20120204
473,526M,ruc1320120204t15_19.tar,20120204
81,421M,ruc1320120205t20_23.tar,20120205
397,522M,ruc1320120205t00_04.tar,20120205
416,523M,ruc1320120205t05_09.tar,20120205
438,524M,ruc1320120205t10_14.tar,20120205
493,528M,ruc1320120205t15_19.tar,20120205
42,414M,ruc1320120206t20_23.tar,20120206
297,514M,ruc1320120206t05_09.tar,20120206
298,514M,ruc1320120206t10_14.tar,20120206
315,516M,ruc1320120206t15_19.tar,20120206
330,518M,ruc1320120206t00_04.tar,20120206
35,410M,ruc1320120207t20_23.tar,20120207
322,517M,ruc1320120207t00_04.tar,20120207
323,517M,ruc1320120207t15_19.tar,20120207
331,518M,ruc1320120207t10_14.tar,20120207
346,519M,ruc1320120207t05_09.tar,20120207
289,512M,ruc1320120208t00_04.tar,20120208
299,514M,ruc1320120208t05_09.tar,20120208
332,518M,ruc1320120208t10_14.tar,20120208
378,521M,ruc1320120208t15_19.tar,20120208